tweetid,sentiment
169760,2
35326,1
224985,1
476263,1
872928,0
75639,2
211536,1
569434,2
315368,2
591733,2
91983,2
67249,2
143459,1
663535,2
20476,1
815297,0
274098,1
30045,1
681487,-1
708966,2
393689,2
186705,2
233977,2
525794,1
863649,-1
315964,0
588985,1
669979,2
137059,2
556915,2
951973,2
72939,1
205796,1
478581,-1
453375,2
555551,1
219030,1
546209,2
416919,2
433824,2
621526,2
616108,1
70943,2
153248,1
854719,1
616444,1
118418,2
846132,2
443106,-1
758958,2
376412,2
667731,1
222107,2
349545,2
284026,2
564727,2
522979,2
460970,1
371750,1
251299,2
485211,1
502976,1
623282,0
217605,2
225330,2
58854,-1
723671,2
366409,1
704565,1
655925,2
717618,2
922449,2
729885,2
599133,2
89885,1
249039,2
440750,1
18663,2
314549,2
643414,2
61835,2
659073,1
178597,1
152298,2
581943,-1
781913,-1
336886,1
624852,2
655116,1
5591,1
731620,1
872882,2
320393,2
353463,1
816508,2
636325,1
53058,2
725589,2
693559,1
66255,2
218797,2
307092,1
188557,-1
137392,2
597086,1
96006,2
330509,1
78639,2
536231,1
304814,1
553696,2
455898,-1
745466,2
846719,2
722710,1
989172,2
492079,1
315869,1
32675,1
959684,1
641938,2
933443,1
458401,-1
554994,1
461467,1
902353,2
178794,1
387356,2
380276,1
824355,1
685606,1
85488,1
50608,1
447977,2
943930,2
183083,1
359626,2
810128,1
380913,0
516209,1
993538,2
594772,2
22428,2
991876,2
504172,2
283272,1
914599,0
752129,2
701957,0
858489,-1
221704,2
409406,1
468372,2
818509,2
204729,1
394896,1
397593,1
465474,2
450344,2
502719,0
816499,2
291002,1
301225,2
402773,1
81233,2
642569,1
900041,1
67900,-1
237131,2
311030,1
975455,2
69232,1
156024,1
268543,2
586693,1
709157,1
582003,2
689136,1
953619,2
971710,1
809619,1
595597,2
274499,2
771063,2
597739,2
110053,2
723442,1
881554,0
704923,2
822018,2
505322,2
120776,1
404757,1
811053,2
317696,2
734766,2
841196,1
400682,1
649511,2
740566,1
798359,1
861578,2
5417,2
609894,1
174874,2
227482,2
316886,2
112798,2
44507,1
444423,1
878768,1
951095,2
970445,1
208227,1
545402,1
498559,1
454769,1
490905,1
343981,1
891649,1
794296,2
669149,2
104997,2
54711,1
756770,2
632633,2
882503,1
604089,2
37591,2
304290,2
167356,1
398680,1
268980,2
485450,1
246743,2
83632,1
804653,1
614272,1
699619,2
128361,2
617614,1
756863,2
550624,2
971913,1
597102,2
468901,1
512603,2
869,1
135515,0
471002,1
76054,1
835455,0
593722,2
209903,2
311687,2
38624,2
140169,2
50739,1
134179,0
368885,1
955073,2
642519,1
849811,1
377434,2
61946,0
128149,1
545779,2
145812,1
839220,2
23630,2
631635,2
659284,-1
636800,-1
246233,1
224961,2
227170,1
24500,2
444613,1
173797,1
183700,1
305251,2
487336,1
521403,2
741971,1
171732,1
354162,2
572875,1
337961,1
39327,2
666488,1
686787,2
248289,1
644357,2
106812,2
492300,2
929522,2
827492,0
92888,-1
748860,1
544547,2
970736,2
805808,1
320551,2
210944,1
109631,2
251292,1
170364,2
948426,2
780776,2
693604,1
799998,2
373943,1
593149,2
264289,1
479344,-1
820909,1
492817,1
831733,1
405413,2
685176,2
982870,1
92655,2
929710,2
365298,1
597644,2
908494,2
532450,2
431470,1
261786,1
126953,1
157454,2
911863,2
968491,1
341684,-1
868000,2
937870,2
196243,1
749947,-1
10201,1
861465,2
418775,1
561942,2
61831,2
224428,2
470738,1
694377,2
557591,1
504856,1
988980,2
811937,2
78955,1
166783,2
2520,2
268418,1
911873,2
380946,-1
841067,-1
760341,2
872864,1
833511,1
795400,2
947288,2
97754,2
848402,0
77036,2
280663,1
654324,2
105628,1
227665,1
169839,2
334216,-1
502105,1
174279,2
193681,1
457324,1
562231,1
254480,1
432635,2
916814,1
217862,1
454694,1
512554,2
249736,1
979904,2
841942,2
141852,2
279014,2
511552,1
502057,2
822243,1
586976,2
870627,1
809260,1
258979,2
342572,1
833715,2
63205,2
327,1
286773,2
831328,2
265516,1
988076,1
92963,2
813089,2
372840,2
460869,2
700900,2
54421,-1
83811,1
932229,1
14731,2
416245,0
91717,1
37782,1
168950,1
791767,2
612474,1
863569,1
833620,1
831050,2
327186,2
70954,2
744906,2
410805,1
321290,2
560166,0
199999,2
520958,1
486093,2
433768,1
170942,1
97769,1
574580,-1
427983,-1
536786,2
64572,2
932658,2
875904,2
388184,1
448406,2
280094,1
196585,2
297123,2
583405,1
749358,2
8540,1
92130,1
682459,2
493774,1
81514,2
937131,2
683822,2
181932,1
185061,1
718905,1
467768,1
50360,1
37282,2
324725,1
587613,-1
759085,2
995304,0
62430,2
959472,2
134816,1
443799,1
84144,2
626595,-1
382192,1
249680,2
209100,2
505060,1
510212,2
454150,1
900706,2
355447,1
415557,1
431394,2
796461,2
551013,0
71926,2
260753,2
883406,1
973790,2
673020,1
573493,1
850799,1
596499,0
430720,2
970612,1
645141,1
122672,1
572212,1
590281,2
185082,2
643999,2
276142,1
522428,2
242869,1
859835,2
179238,2
830861,2
659715,1
742214,2
44768,2
156753,2
689726,1
659825,1
805236,1
484743,2
843791,1
401342,1
268165,1
450971,1
969588,2
493909,2
775367,1
102955,2
356595,-1
860992,2
478186,2
235851,1
859554,1
383555,0
568803,1
522415,-1
493050,1
568528,1
371027,2
554560,1
969599,2
70097,1
898167,1
483103,1
773089,1
436540,2
214657,1
824653,2
132616,1
962166,2
357327,1
183595,2
338190,2
821753,2
782634,2
355771,2
102889,1
335544,2
417438,2
99418,2
774033,1
151834,2
573075,2
675187,2
488287,2
317596,2
848773,1
177318,-1
743728,2
166017,1
668192,1
242646,2
572824,1
516374,2
569974,2
368987,2
35989,2
439267,2
425036,1
978741,2
161511,2
158819,1
225262,2
398562,-1
940439,-1
657384,2
348631,1
950221,2
390207,1
633050,2
45603,1
892219,2
763551,2
219247,-1
78219,2
106376,2
664990,1
61204,1
444521,2
162744,1
10394,1
107336,2
400960,1
157258,2
762553,1
398197,1
513701,2
450710,2
192494,0
376697,2
466375,2
600809,2
337306,1
597597,1
282282,1
619747,2
848426,0
468720,1
954154,2
544640,2
192358,2
768797,2
817583,1
864589,1
104220,2
725297,1
973859,2
942269,2
145192,1
965827,2
861437,0
296887,1
817495,2
273994,1
799474,2
177872,2
532392,2
770417,1
706812,1
193396,-1
863034,2
967152,-1
948038,2
608126,1
412897,2
970466,2
604868,2
94532,1
820173,1
833762,2
604371,2
961064,1
419528,2
79982,1
564369,1
489017,1
887262,1
402712,2
963864,2
854765,1
331759,1
26332,1
238943,1
431614,2
329434,1
680680,1
39578,1
670432,2
371166,1
686203,2
118985,1
263823,2
275604,2
390449,0
553573,2
159171,2
172630,2
867879,2
555667,1
107607,2
671813,1
29467,2
424298,2
247885,1
66440,2
794065,1
383354,1
73974,2
597362,1
873587,1
755011,2
736998,2
117248,2
692018,1
813376,1
834684,2
546314,2
876985,2
207998,1
110340,1
715656,1
88611,2
716533,1
269830,1
661339,1
96822,2
101833,2
548873,2
432375,2
963943,1
105738,1
814952,2
933283,1
476266,2
713154,1
729178,2
739461,1
46459,-1
564711,2
9295,2
89381,2
997108,2
434160,1
632113,1
349480,1
981685,2
891296,1
795819,-1
22856,2
176472,1
760306,2
364909,2
593804,2
307467,1
610642,1
129662,-1
569359,2
561862,2
423167,2
840583,-1
683275,1
190548,1
958471,1
740052,2
631040,1
976028,1
990527,2
58802,2
406698,2
166458,1
758638,2
864544,2
937863,1
839640,1
43118,1
554437,0
24114,1
594987,1
2994,2
983985,2
738824,1
578675,2
246789,1
459925,2
723464,2
939557,1
962770,1
432283,1
295172,1
354011,2
917171,1
368282,1
799357,2
218943,2
354686,1
180377,2
979574,2
457365,2
855074,1
527673,1
785117,-1
973760,2
928581,-1
56229,2
489025,0
43190,-1
563462,2
972585,1
593576,1
327139,-1
615819,1
538945,2
967095,2
993681,2
568295,2
969003,1
644408,1
956047,2
525657,-1
56665,1
617655,2
838447,1
931195,1
577981,2
870874,2
480174,1
695290,2
645362,2
475332,2
78586,1
792010,2
600177,1
579760,1
733217,1
130633,2
246139,0
83570,2
233932,1
65704,1
720328,1
182815,2
992508,1
582996,1
712952,2
217793,2
960416,1
387077,1
62147,-1
158157,1
16196,-1
211659,1
368185,1
681044,2
368951,2
200078,1
947641,1
591630,0
60500,1
257401,2
478713,2
735450,-1
633125,1
610055,1
632978,2
365076,2
875539,2
758419,-1
709088,-1
768261,2
209509,1
127305,2
121053,1
19558,2
801712,2
837454,1
541857,2
11629,2
10359,2
66175,2
23284,2
211731,1
32828,1
300306,2
798465,2
429350,1
96211,2
287991,2
580986,1
782530,1
446353,1
404665,1
971456,1
503290,1
675704,2
225076,2
593471,1
481167,1
161297,1
270003,2
411180,-1
271499,2
672109,2
602150,1
575468,2
181408,2
161726,2
977902,1
788232,0
725006,2
722658,2
600224,1
793349,2
451620,2
424135,2
88627,1
806009,2
192064,1
685562,2
284646,1
715307,2
883501,2
842439,2
33587,-1
730304,1
87268,2
494947,-1
557924,2
351002,1
361958,2
624214,-1
513910,-1
506543,1
778056,1
357156,1
370081,1
880261,1
509403,2
580774,2
837095,2
560337,1
132783,1
304998,2
819879,2
849455,1
346200,2
625746,1
677462,1
107732,1
277516,1
119700,1
219147,1
773453,2
813113,1
121431,1
258442,2
15784,2
491379,2
767093,1
508244,2
711697,2
78517,2
592053,2
723025,1
310230,2
751878,2
617843,2
265859,1
410288,2
708448,2
254072,2
791956,1
515974,2
972791,1
330960,2
126876,1
316154,1
179087,2
586916,-1
70846,0
752225,2
404604,2
836527,-1
678059,1
333311,1
74980,1
477908,2
506657,2
980875,1
805679,-1
193548,1
818493,2
625918,2
215713,1
126166,1
709380,1
570628,2
898663,2
103967,2
934788,2
327499,1
953095,1
592527,1
488806,2
531595,1
899135,2
661210,2
311285,2
956537,1
536614,2
518252,2
101697,2
136250,2
571656,1
614530,-1
506382,2
990558,1
414640,2
757228,1
741160,1
80801,1
14077,1
44115,1
782491,1
141116,2
758470,1
111565,2
108937,1
333960,2
495632,2
855633,1
387274,-1
944823,2
676644,0
674904,1
706197,2
751823,2
534701,2
776680,2
856934,2
838992,-1
73072,1
592976,0
120301,1
477557,1
331101,1
587789,1
106773,2
714124,1
772086,2
656418,2
372287,1
481477,2
938734,2
922926,2
339447,1
325978,1
42066,1
382638,2
16052,1
450371,-1
450653,2
299753,1
643564,1
975417,1
890333,2
759258,1
82004,2
187640,1
790339,2
760264,2
34404,2
387284,2
111495,-1
263613,0
811478,2
615025,1
709431,1
815398,2
429819,2
55201,1
918786,2
505250,2
811168,1
616510,0
810332,2
778191,-1
644140,1
614087,1
350693,1
224411,1
187760,1
673695,1
624957,2
682615,2
674916,2
404402,2
53072,2
48112,1
785837,2
184816,1
230210,1
915999,0
376465,2
194186,2
106745,2
992715,2
274295,-1
841614,2
855159,2
369248,1
400854,2
232119,1
770087,2
61801,1
582837,2
696188,1
710747,1
943396,-1
943553,1
957958,-1
170910,1
680524,1
565587,1
749902,2
748072,-1
937512,1
130999,1
342929,1
406526,2
281624,2
111021,2
898463,1
920547,1
300268,2
6377,1
150851,2
836682,2
975094,0
303263,1
469044,2
826563,0
879918,1
803773,2
535044,1
129239,-1
123544,2
955118,1
763466,2
302824,1
970253,1
536636,1
225644,1
901410,2
976357,2
276425,2
698782,2
476182,1
560795,-1
734099,1
874279,1
528799,1
844516,2
42001,1
729333,1
910929,2
436637,2
539943,2
158515,2
913083,2
196246,2
312900,2
247152,1
621919,1
72893,1
989727,-1
828411,2
231642,0
294532,1
322655,2
238643,2
226893,1
22945,1
667052,-1
330901,1
893735,2
844155,2
598545,1
792602,2
81394,2
79720,1
450891,1
689110,2
603282,1
151774,2
427833,1
514030,2
450842,1
663940,2
289537,1
93580,1
999485,1
16012,2
602434,2
128526,-1
567878,2
311040,1
397558,2
659249,2
732039,2
257083,1
653366,2
764741,1
240417,2
941193,1
249928,1
355194,2
466127,1
986184,1
194736,2
193995,1
630191,2
467505,1
385475,-1
537515,1
689188,2
629787,2
125791,2
873126,2
634159,2
5824,-1
626130,0
710596,2
739055,1
584269,1
930286,2
803604,2
902313,2
365571,1
418391,1
260874,2
53754,1
406691,2
958946,1
135258,1
349414,2
988959,-1
954431,1
985836,1
698510,2
509363,2
625498,1
896827,1
393734,1
326465,2
856169,2
404748,2
330862,2
455496,1
571982,1
298506,2
98423,1
660483,2
219919,2
967026,2
640859,2
574291,0
673739,1
490703,2
811513,2
357267,1
366205,2
47116,2
41555,1
666135,1
997640,2
381416,2
168327,1
492253,2
422735,2
667117,1
202823,1
10908,1
366599,1
394665,2
734589,2
210821,2
191243,1
435686,2
7931,2
331666,2
998608,1
598170,2
981822,1
349039,-1
131708,2
440962,1
719287,2
866736,2
793383,1
486705,1
206701,2
812095,2
813429,1
300273,1
246003,2
357693,2
127689,2
554542,1
713892,2
855661,2
413022,2
204680,2
865502,1
70808,2
542694,2
521642,1
90760,2
599952,2
116224,2
781730,1
222272,2
520111,2
470642,1
241795,2
585620,2
969978,2
800466,2
665096,1
59084,2
813349,2
312981,1
965523,2
921337,1
791417,2
472174,1
514550,2
418510,1
344814,2
555242,1
603943,1
996818,1
518736,1
194144,1
548422,2
781735,1
90786,1
3051,1
402995,1
224269,1
891634,2
661409,2
776823,1
773037,2
716592,2
709740,-1
230435,2
105775,2
277235,2
323839,1
485009,2
991522,2
421384,1
407930,1
499185,1
634042,2
281534,1
29564,2
777475,1
73475,1
924278,2
945887,1
133825,2
750622,1
340947,2
477970,-1
841038,1
331429,2
861934,2
117689,2
231985,2
452498,-1
147151,2
402278,2
515529,1
816064,1
320416,1
674363,2
45153,1
294203,2
69149,2
892557,2
714218,1
374533,2
799765,-1
406896,0
493645,2
77622,2
351139,2
598383,2
437099,-1
811260,2
289021,1
411748,2
834122,1
531633,2
138830,2
855031,2
621398,1
591179,2
665535,-1
625048,2
395927,-1
819363,1
226513,2
230277,2
217668,2
646356,2
585846,1
320140,2
7769,2
128883,2
930716,1
52091,2
865029,2
678269,1
646896,2
151820,1
126071,-1
390635,0
846830,2
903429,1
552575,1
51238,1
398685,1
442076,1
245264,1
1847,2
800950,1
236737,1
371083,2
288557,2
645411,0
582358,2
105065,1
105707,-1
487304,1
966654,0
367823,2
649275,1
29185,2
172119,2
685650,2
173254,1
287735,1
97811,1
838235,2
254835,1
318905,-1
259043,2
381017,1
649757,1
529954,1
663529,1
423720,-1
22777,1
766694,1
166583,1
282634,0
353764,1
461317,2
31680,2
998009,2
491318,2
970330,1
476860,2
415960,1
937064,1
935085,1
863837,0
166987,2
65621,1
486600,1
389265,1
151202,2
906908,1
98725,2
741135,1
184479,1
364623,2
289083,2
101465,2
877671,2
414975,1
819137,2
162715,2
889367,1
682050,1
468148,1
276721,1
809015,2
82904,2
629958,1
282539,-1
576641,1
721032,1
985863,2
351847,1
102182,1
432256,1
810959,2
339263,2
426325,1
634147,2
43694,1
693219,2
840612,0
292313,2
459823,1
458700,-1
886294,2
72399,2
838493,1
239467,1
966716,2
88590,1
270660,2
612857,1
481502,1
953534,2
399293,2
325715,2
412226,1
817566,1
610516,1
921902,1
279576,2
164195,2
233989,2
650411,2
531313,2
4333,1
643985,2
556079,1
362728,2
619584,2
498930,2
711047,2
280183,2
710884,1
669728,2
873903,2
133051,1
580652,1
122184,2
297918,2
443350,1
942345,-1
487311,2
624290,2
462841,1
682584,1
86801,1
614098,1
71036,-1
603798,1
539219,1
571734,1
891254,1
16967,2
366465,2
468888,1
755956,2
854237,1
929586,2
972465,1
47414,2
237511,2
473045,1
719760,2
3380,2
915945,2
746072,2
793658,2
718346,1
991582,2
186975,1
544544,2
598757,2
352182,2
799769,-1
285144,2
406272,2
92988,1
36673,2
558989,2
261633,2
239960,-1
938879,2
638143,2
162574,1
78388,1
966667,1
865944,1
972181,2
946851,1
214800,1
728032,2
600651,2
728584,1
706681,2
589739,1
450581,1
47561,1
401905,1
800981,1
589183,-1
222534,2
357670,2
923142,1
497636,2
443455,2
730705,2
830855,1
255556,2
961712,1
589379,-1
956735,1
216207,1
650019,1
606200,2
753836,1
847322,0
273226,1
83629,1
226734,1
788872,1
870974,2
591870,2
568912,2
789519,1
731488,-1
244090,1
735125,2
764484,1
646717,1
31157,1
152232,0
414280,1
587546,2
821756,2
373215,1
826764,1
733307,1
596788,2
57392,-1
761256,1
586312,1
93389,1
93917,2
73551,2
165581,0
156791,-1
823794,2
63392,1
182207,2
829750,1
101290,2
639078,1
960964,2
884242,2
333194,1
180605,2
724302,2
464585,2
857134,2
289751,1
746574,2
5343,1
477522,2
446879,2
546541,1
732463,2
380608,2
336640,-1
52477,1
194507,1
538733,2
622382,1
758067,2
969245,-1
6204,2
360927,1
733862,1
254831,1
312789,1
683632,2
698155,1
581241,2
685887,2
495618,1
98564,-1
422534,1
378882,1
175872,2
135908,2
840249,1
37433,1
231996,2
573211,1
703385,2
11101,1
819890,2
572492,1
120502,2
146930,1
913546,1
808868,1
383788,2
629338,2
429250,0
327253,-1
233323,2
754966,1
5107,2
285700,1
997597,-1
605325,1
181468,1
921776,1
131890,1
727491,1
407368,0
720318,1
521215,2
699505,-1
260605,1
4496,1
162556,1
283270,-1
631070,1
343853,2
195609,2
729294,2
342029,2
31305,2
974349,1
827385,1
110637,1
330981,2
716213,-1
673772,1
533976,1
467243,1
671317,2
232183,2
489015,2
356158,2
988748,2
240002,-1
873392,1
345670,1
356761,2
530584,1
177001,1
525148,2
347083,1
784269,2
420686,2
918830,2
550616,1
696228,-1
861731,2
677852,1
591361,1
962050,1
76649,2
832328,1
239449,2
467995,2
467450,2
127162,1
477381,1
58715,-1
701473,1
893061,2
335217,1
909071,2
471885,2
164325,1
875446,2
366749,2
625267,2
805316,0
779520,2
967449,1
39093,2
306078,1
983065,1
106475,2
380508,2
236562,2
589848,1
741895,2
204042,1
238985,2
468940,2
467571,1
86934,1
650045,1
334396,2
308397,2
435631,2
206312,2
565453,1
250852,2
511144,1
985030,1
5045,1
962371,2
179695,1
571674,1
708517,1
949891,2
451267,2
463572,2
527910,1
446310,1
105414,2
18138,2
653784,2
331838,1
650762,1
826394,2
164947,1
871573,2
737732,1
78892,1
950200,1
484870,2
382863,2
155451,1
361880,1
625561,2
675442,2
113514,1
19397,2
718093,2
428411,1
908602,1
595852,1
866548,1
516734,1
203690,2
457889,0
42699,1
564817,1
519244,1
634222,1
851947,1
925224,1
776585,1
603969,2
848121,1
745737,1
706675,1
891427,2
311901,1
190297,1
782363,1
44291,2
370428,1
899174,1
144125,2
422237,1
554582,2
242199,2
232219,2
224076,1
945898,2
564911,2
343688,2
371908,1
627574,2
180485,2
249763,2
651375,1
660951,2
657758,2
237867,1
782819,2
791928,2
294609,1
850390,2
396547,1
142830,2
250983,2
443938,1
831490,1
418267,2
860398,-1
763872,-1
574726,1
142336,2
213055,2
455829,1
656699,1
171902,1
350128,2
714025,1
17420,1
44772,0
643168,0
704610,1
820523,1
37607,1
680087,2
509948,1
938423,1
476346,2
617648,2
659939,2
510346,2
106516,2
187412,1
530662,1
969059,1
233113,2
881485,1
396578,1
722776,2
69263,1
783056,2
29053,2
45878,1
845042,2
78628,2
899274,2
485857,2
914284,2
590949,1
286808,2
449133,2
145375,1
769261,2
769524,2
968896,1
313839,2
775822,2
293312,-1
495182,-1
896063,1
2325,1
795486,2
135329,2
885345,1
703319,0
595781,1
243128,1
589175,2
473007,2
145261,1
942956,1
524966,2
713766,2
440834,2
94839,-1
730063,1
120270,1
73612,1
432813,2
317254,1
149855,0
588233,2
860852,2
762132,1
694699,1
357323,2
617071,2
909332,1
460019,1
175290,1
845224,1
77234,2
337929,-1
846396,2
515567,1
365305,2
410068,2
123198,1
287376,1
799250,0
744900,1
505135,2
380314,1
272452,2
164506,1
825234,2
959388,2
502275,1
663775,1
515364,-1
29777,1
857998,2
930993,2
225367,2
299046,2
54060,1
153537,2
77959,2
238755,1
913486,1
14443,2
604691,2
56693,-1
397430,1
292158,1
263045,2
686702,2
111969,2
575864,2
592714,2
788130,1
283215,2
463455,1
84395,1
111750,1
930512,1
582792,1
172215,1
856082,1
788739,2
509947,2
407486,1
93916,1
49777,2
794018,-1
448173,1
461282,1
44346,2
505510,2
782839,2
104045,1
568580,1
758553,1
53400,2
441214,1
953386,1
143711,1
120075,2
215972,1
439116,2
186431,-1
593449,2
607278,1
582945,2
922510,1
767792,2
795952,2
944860,1
444063,1
865922,2
752668,1
977914,1
252208,2
772954,1
254837,1
237616,2
371131,2
343754,2
449316,2
185570,2
47008,2
19133,2
375376,2
578099,2
763558,2
162367,1
690491,2
698617,1
620254,1
217118,2
232363,2
816170,2
449825,-1
672636,1
179091,1
231038,1
291804,2
710495,1
553086,1
323962,2
581600,1
704427,2
438734,2
209379,2
415615,1
284806,2
310499,1
346116,2
771257,1
129670,1
532461,1
847765,1
541807,1
151102,2
301061,2
920481,1
223008,2
804457,2
577544,0
724299,1
615253,1
414925,1
905949,2
633508,2
270235,1
560973,1
337725,2
307063,2
248899,1
693471,1
32083,2
581827,2
447640,2
862171,1
263238,1
177423,2
556777,1
814230,2
34166,1
355856,1
961882,2
762704,1
602494,2
34702,2
715552,1
355679,2
854686,2
171389,-1
820375,2
752605,1
923279,1
150302,1
444048,1
772347,2
707363,2
43036,2
31741,1
902354,2
732442,-1
691266,2
115042,-1
522188,2
815935,2
621337,1
933944,2
545889,1
639168,1
655821,2
217577,2
988338,1
310934,1
384173,2
850427,2
614699,2
146362,1
58112,2
466658,1
798525,2
569963,1
434900,2
51794,1
373733,2
78426,1
591624,2
376278,1
881145,2
423932,2
154517,1
809256,2
592760,1
326267,1
557614,1
657699,2
792471,1
687325,2
184414,1
160393,2
846792,2
615738,1
988164,1
487047,2
469101,-1
804088,2
981726,2
661325,2
395935,1
404054,1
336290,1
458596,2
721106,1
837210,2
370613,1
123115,2
306643,2
666144,2
108718,2
319332,1
579193,1
358166,1
141738,1
260609,2
581967,2
132595,2
488092,1
392202,2
315476,2
205530,-1
659291,2
436218,2
90685,1
142415,1
24934,1
409382,1
920431,2
796763,2
845251,2
388243,1
604797,-1
152641,1
248936,1
938144,2
424611,2
329124,1
665784,2
640825,2
163428,2
556966,2
462236,2
940585,1
836959,2
203375,1
254557,1
980954,1
24797,2
281199,1
574766,2
887404,1
291525,2
649648,1
753473,2
305074,1
328063,2
567452,1
195871,1
540520,1
875626,1
672918,2
17142,1
644643,0
558196,1
718420,1
941514,2
142228,2
114046,2
201727,1
432369,2
387738,1
199691,1
180304,1
673181,1
146042,1
558321,1
486158,2
656852,2
746973,1
443873,2
946854,1
206666,2
329798,0
494754,0
964787,1
992585,2
626550,0
338140,1
86710,2
880166,2
461185,2
840127,1
909823,1
347835,2
41851,1
429019,2
822696,1
398282,0
939362,0
44160,2
193712,1
628281,1
489292,2
616565,2
347410,2
17963,2
76228,1
601837,-1
569634,2
57381,2
120440,2
34596,2
28256,2
499154,1
352917,2
642374,2
597069,2
830957,2
317312,2
827075,2
588394,1
706639,2
182537,2
16854,1
443398,1
434602,1
554528,2
30214,1
171137,1
875060,1
961114,2
246680,2
244205,1
552594,1
726305,-1
354750,1
71830,2
345645,1
212044,1
200267,1
942846,2
174493,2
333002,2
146187,1
793908,2
496143,1
966647,1
323,2
803875,2
402047,1
534219,2
703000,1
671584,2
559320,2
188050,2
887516,1
645866,1
466328,2
415728,1
503003,2
298164,1
633000,-1
512067,1
235641,1
343381,1
733240,2
136832,2
389026,1
852347,-1
25002,1
294027,1
648266,2
810469,2
224435,1
952397,1
12004,1
185013,1
486832,1
86045,1
133514,1
799864,0
781356,2
866735,1
788791,2
907298,2
930620,-1
580848,1
438124,1
400009,1
956741,2
748695,2
831576,1
683218,2
531715,1
555874,2
672398,2
293081,2
506419,1
776853,2
857439,1
860763,1
169809,2
410150,1
776743,1
830459,1
612043,2
247011,1
404518,2
997644,0
111741,2
921727,2
921922,1
349946,2
632649,2
10315,1
448017,1
561814,-1
88851,1
317861,2
419424,2
185650,2
931895,2
893553,2
159886,1
48509,2
697646,1
260134,1
958366,1
497671,2
890683,2
219061,1
50736,2
742031,1
431195,1
159717,2
641424,2
423512,2
229137,1
798844,1
693406,2
371036,2
211835,1
757133,1
937342,2
977747,2
333823,2
669775,1
260295,2
677043,1
477036,2
194820,2
833593,1
737103,2
838487,0
14362,2
433532,1
375715,2
274541,2
115978,1
905000,2
343053,2
168437,2
794305,2
149132,2
255482,0
786652,1
18795,1
261144,2
2575,1
477704,1
645226,1
613988,2
141972,2
863542,1
922667,2
419431,2
960388,1
853322,2
622813,2
785330,1
810188,1
53815,2
818404,2
747464,2
754308,1
128943,0
996229,1
964585,2
959469,1
354761,1
102989,2
67926,1
122021,1
549342,2
446441,2
196355,2
589487,1
70611,2
683684,1
978725,2
13287,1
809747,2
838185,1
647188,2
616174,-1
754798,1
620739,1
644772,-1
96841,2
818549,2
24845,2
397713,2
924727,1
164077,1
442722,2
583077,1
840571,2
415337,1
148578,2
239214,1
521908,2
947679,1
227844,1
701507,0
617736,1
509196,2
585430,2
839425,1
414230,2
916592,2
705572,1
282147,2
201741,0
464689,2
506099,1
315331,1
258435,1
910541,1
394712,1
424092,1
204080,1
744870,2
644004,2
107636,1
661174,1
19909,2
927163,1
358829,2
186937,2
98072,1
43449,1
996972,1
365705,1
27742,1
165638,-1
419439,2
254018,2
980316,2
849752,2
601238,1
763081,2
767129,1
292040,2
800470,1
408830,1
902403,2
495974,1
97966,2
612358,1
601862,2
484009,-1
24147,2
545781,2
404273,2
459068,1
706804,2
570687,1
611072,-1
985616,2
164701,2
599031,2
291016,2
871590,2
375923,2
625713,2
544267,2
597520,1
201908,1
779450,2
41388,1
324210,1
527518,2
995095,2
68508,2
645526,1
803925,1
310865,1
243590,-1
739831,1
838039,2
93918,2
115526,2
164262,2
727311,1
735220,1
468210,-1
689122,1
53596,2
799186,2
101084,1
30439,1
810252,1
821303,2
292964,2
302407,2
271892,2
732321,2
447410,1
803265,-1
196513,2
365268,-1
202213,2
325954,2
969878,1
626863,2
549662,2
583897,2
81079,2
74615,1
390771,2
921683,1
260545,2
746062,-1
523766,2
369387,1
387902,0
407975,1
843647,2
668518,2
259924,-1
823007,2
133194,2
999383,1
844853,1
811166,-1
700248,2
312802,2
703577,2
842529,1
133240,1
637996,1
242561,2
970006,2
651603,-1
339673,1
675644,1
793976,1
162961,2
469570,2
681176,2
887401,2
891406,2
751950,2
965377,2
773946,1
84122,1
845066,1
389748,2
837821,1
967629,2
864765,2
266087,1
41710,2
112134,2
513080,1
452254,1
564272,2
876098,-1
273845,2
343129,2
622330,2
296515,2
199651,1
265010,1
124863,-1
619557,2
500287,2
366450,2
626887,2
426254,2
535685,1
617761,2
616786,2
863271,2
516407,2
148449,2
849472,1
665945,1
479060,1
736724,1
288008,1
638394,1
779022,1
951766,1
535506,2
202738,2
863224,2
870370,1
721194,2
981141,2
252336,1
77169,1
68528,2
38903,1
256464,2
11425,2
898966,2
860813,1
873715,1
81184,2
106630,2
203802,-1
904553,2
793878,2
727291,2
659013,1
170414,1
545030,2
935399,0
720843,1
24407,2
368110,1
503818,1
556178,1
905326,1
337724,2
69700,1
114542,2
160079,2
903579,1
646349,2
161942,-1
598614,1
663644,1
329622,1
263883,1
296398,1
566777,2
158516,1
764934,2
404621,2
803119,2
610999,1
737690,0
312628,1
712615,1
188749,2
814343,1
988637,1
880191,0
280042,1
630479,0
46849,2
667139,1
445425,2
136052,-1
811010,2
170283,1
900662,-1
493441,1
94212,2
753640,2
312169,2
202533,1
102614,1
619990,1
86350,2
63121,1
121852,0
600352,2
124929,1
75897,1
574497,2
24804,2
596222,1
906004,1
539619,1
110125,-1
448051,2
790726,1
822650,2
381243,2
730979,1
936649,2
587095,1
612202,2
429050,1
700694,1
851416,1
547091,1
51713,2
125090,2
81094,1
46987,2
10385,-1
660879,1
815867,2
182651,2
13152,1
612985,2
668026,2
286216,1
872878,1
346203,2
717045,2
118481,1
67795,1
965112,2
942456,2
49607,1
336321,2
220175,1
218973,1
458027,2
932536,0
239165,2
473283,1
10468,1
965411,1
733655,2
383468,1
796762,2
184596,1
327092,1
158124,1
998269,2
332356,2
495084,2
610404,2
478417,1
599073,0
476278,2
433925,1
184487,2
899620,1
237593,2
637818,1
487541,2
323186,2
767342,1
897943,2
893076,2
227111,1
484479,1
142536,2
511856,2
486621,1
793118,1
350625,1
875997,2
520873,1
980231,2
486454,1
790783,1
119066,1
795590,2
703949,2
226753,2
497219,-1
133965,2
108181,1
574156,-1
510374,1
547861,2
154116,1
445954,1
997533,1
624946,2
463357,2
912071,1
789575,-1
733504,-1
921494,1
182771,2
577188,2
77565,-1
13576,1
850213,0
233403,2
158376,2
42715,2
125277,2
794752,1
738883,1
646317,1
908688,1
767328,2
771691,1
259880,2
825122,2
884467,2
787682,2
609778,2
737682,1
908388,1
424425,1
323128,1
628679,2
678862,2
838507,1
205713,1
681150,1
7572,1
941573,2
274509,1
684872,2
370024,2
291351,1
155280,2
493518,2
955736,1
475150,1
814784,2
934550,2
236229,2
868776,1
724046,0
948949,2
383876,1
131974,2
986064,0
428108,1
926841,1
494582,1
781163,1
92910,2
486,0
491939,1
53227,2
800250,2
253165,1
31100,2
457211,1
164443,1
646128,2
26297,1
641969,2
593800,1
256579,2
805014,1
418189,1
640885,2
497723,2
627483,-1
654700,1
237079,1
432087,2
572031,1
962862,2
73015,2
308754,2
686614,1
620529,1
342626,1
875135,1
135651,2
566883,2
708737,1
771565,2
146085,1
713094,2
540959,1
824998,2
387636,2
6977,1
581176,-1
272574,1
312899,1
405772,1
423226,2
15617,-1
73801,2
581076,-1
763519,2
916909,2
646077,2
551261,2
182472,2
180047,1
986479,2
238659,2
76266,2
98479,1
177204,1
298152,2
328729,1
297260,1
567264,1
329437,1
985621,2
789426,1
246326,2
933736,2
378617,2
254499,1
174922,-1
312720,2
568863,2
903966,2
730989,1
191303,2
261053,2
179969,2
411209,1
293338,2
224041,2
627912,2
763334,1
769155,1
93337,2
802385,2
42183,2
407596,2
368054,2
618952,1
648741,1
877147,-1
996306,1
154289,1
333682,-1
746454,1
504683,1
455348,2
744762,-1
153848,2
429721,1
460217,2
622753,1
925836,2
140313,1
498154,2
848278,2
694120,2
614569,2
511015,0
56117,2
97915,1
684968,2
290122,-1
896238,1
105501,1
155182,2
243396,1
425069,-1
3804,1
92161,1
360732,-1
850932,1
20149,2
695895,2
972635,2
986282,2
568549,1
434652,1
507521,1
263473,1
267646,2
149939,2
274077,2
776304,-1
370879,0
404861,1
204227,2
819486,1
142966,2
818701,2
274044,2
665722,2
421305,1
704236,2
349774,1
635513,1
652424,1
146233,1
676332,2
696485,-1
474898,1
939207,1
135234,2
4494,1
678001,2
505970,1
656254,2
552023,2
561933,0
885448,1
284977,1
455946,2
891808,2
349787,2
598581,1
327527,2
631112,1
780626,2
617439,1
778454,1
411141,-1
694508,2
451340,2
200823,2
252827,1
997245,1
593241,2
150780,2
701541,2
342006,-1
182752,2
597528,1
979212,2
730965,2
705732,2
852885,2
567968,2
58159,1
485485,1
270505,1
221568,2
261639,1
493242,1
988625,2
127890,-1
582873,2
596848,2
653100,2
681574,2
228139,2
121922,2
941781,2
169175,2
253167,2
715413,1
15656,1
825086,1
207315,1
823519,2
369940,1
359076,2
802295,1
44252,2
230042,1
663144,1
235342,1
948529,1
649033,2
622688,1
500735,2
295382,1
982200,2
349178,2
395381,2
544107,1
538241,2
591984,1
45181,2
708342,1
950412,2
118586,2
833509,1
694880,2
501069,1
537327,2
736909,1
777838,2
14607,2
198247,1
532727,1
971954,1
506983,0
740265,2
628974,2
273978,1
890446,2
555626,1
266376,1
555259,2
605751,2
642647,1
8695,2
288654,0
420856,2
822637,2
495623,2
444782,1
598329,2
581704,2
274996,2
185975,1
6500,1
4922,2
314724,2
864689,1
890303,2
298217,1
58759,2
665061,2
711365,2
53886,0
639109,1
955199,1
56403,2
986454,2
725929,2
308560,1
63259,2
893580,2
910594,2
635622,1
332270,2
230361,1
970928,1
987005,-1
599243,2
415291,1
353090,2
571695,1
442038,2
766968,1
572932,1
770249,2
380515,2
308454,2
870967,1
35630,2
809561,2
51932,1
937854,2
845936,2
48136,2
337375,1
129260,2
651061,1
949433,2
38474,2
780400,1
900148,2
717361,2
315768,-1
1094,1
371575,0
334703,1
347301,2
333023,1
760539,1
986393,1
113410,2
533841,1
646375,1
208765,-1
874552,2
581056,2
564133,1
238576,1
771517,2
569298,1
362439,1
313524,2
453646,1
267618,2
552103,1
922833,1
161548,2
547728,2
882173,2
196745,2
329376,1
561279,1
152362,2
577289,-1
569331,2
797033,2
697697,2
705751,2
780961,2
607260,2
56078,2
233570,0
900516,1
526766,1
950781,1
445119,0
299523,1
700364,1
638191,1
746929,2
585971,2
568079,2
102283,1
154483,-1
870534,2
367520,2
483579,1
846473,1
863386,2
448491,2
879144,1
661533,2
778544,1
26334,1
568606,2
694622,1
176767,1
787826,1
765977,2
79002,2
628012,1
468570,1
989146,2
458415,2
677605,1
896052,1
689114,2
743964,1
562549,2
609521,2
769546,-1
936010,-1
28321,2
907350,1
15176,1
619727,1
755696,1
659339,2
868242,2
878577,1
27645,1
94375,2
96253,1
106662,-1
927688,1
174681,1
5808,1
562069,1
697588,1
323681,2
767676,2
23872,2
901914,1
940000,2
152867,1
174045,2
952247,1
420045,1
219993,2
384450,2
284022,2
281768,2
969999,2
692396,1
566712,2
397080,1
400965,1
553873,1
314655,1
210043,2
66392,1
888438,2
42015,2
155936,-1
456964,2
100619,1
165244,1
918091,1
225368,1
809620,1
543287,1
858075,2
342041,2
501333,1
688842,2
259862,2
844239,2
939482,2
851282,1
782419,1
156502,-1
411451,2
778098,2
748621,1
991104,2
429100,1
242868,2
383918,1
665976,2
464303,1
136987,2
210063,2
931052,2
726315,1
430258,1
366927,1
303238,1
485960,2
300485,1
486143,1
487258,1
86791,1
483979,2
557002,2
651130,1
240130,1
854919,1
126330,1
959514,1
669369,1
906463,1
251017,1
17936,1
275097,2
973737,1
398175,2
549419,1
830932,-1
62153,1
836743,-1
688979,2
467710,1
786829,2
475922,1
756330,2
129546,2
283112,1
177141,1
27227,1
991302,1
769041,2
982553,2
882621,-1
953530,2
834944,1
561470,0
384297,2
521834,2
878776,2
800561,2
332192,-1
626665,1
720978,2
471603,1
840316,2
270413,2
666499,1
934904,1
750005,1
370595,1
93511,1
389325,1
285464,0
537960,1
523402,2
453346,2
286755,2
735544,1
737829,1
866869,1
887135,2
539693,1
912791,2
32937,2
607228,1
678005,1
547998,2
111384,2
135862,1
585961,1
851295,2
876430,1
161949,-1
265741,1
469560,0
625147,1
843557,2
246532,2
397532,1
363915,2
535584,2
195696,-1
432742,1
45471,2
147931,1
351920,-1
728240,2
15379,2
138964,2
406562,2
673979,1
6599,2
3316,2
963207,2
292792,2
715826,2
901330,1
658591,2
700745,2
684686,2
585044,2
72912,1
292080,1
775106,1
429183,1
79809,2
710041,2
359322,1
558178,1
883974,1
796425,-1
792125,1
603149,1
412743,1
899120,2
77176,-1
48054,2
744133,2
792380,1
450463,1
923478,1
825217,1
92054,2
455204,1
166549,2
864815,2
736961,2
495799,2
988766,1
440864,2
7273,-1
114016,2
713565,1
713129,-1
681654,2
633587,1
489731,2
71236,1
954902,2
608676,2
841621,-1
938387,1
96791,2
336255,2
654234,1
568095,2
297199,2
63520,1
146672,2
156613,1
209688,1
233240,1
635250,1
818370,1
250804,1
472432,-1
526619,1
932140,2
678223,1
499800,2
94093,2
975989,-1
546488,2
823328,1
83230,-1
613657,2
465639,2
37735,2
508126,2
338723,1
216769,2
924616,-1
128444,1
781378,0
161766,-1
629937,1
448114,2
337455,1
928110,1
348665,1
925085,2
350345,-1
255901,1
798119,2
649555,2
678457,0
127945,2
306053,1
429997,1
84686,2
178031,1
433817,1
727081,1
92555,2
736073,2
684291,1
208436,1
631966,1
632170,2
552169,1
700411,2
398682,1
864408,2
791122,1
311939,2
212992,2
439770,2
888670,2
246648,1
52909,1
185340,1
954861,2
312141,2
779676,1
501230,1
655913,2
869690,2
692291,1
7733,2
323305,1
522534,2
255257,2
342294,1
336712,1
847143,2
958883,2
32011,1
645444,-1
591370,2
921487,1
213184,1
191035,2
486019,2
967576,2
485397,1
274091,2
971373,1
80530,1
441388,2
219687,2
589095,2
717337,1
309919,2
624761,2
538959,1
933506,1
255735,2
960885,1
547227,1
955114,1
490235,-1
30625,2
344466,1
352351,1
91361,-1
644448,2
321910,1
294122,1
502744,2
450547,1
952430,1
917415,2
546639,2
498408,2
19737,2
89008,2
401448,1
117558,0
713838,1
52888,2
692934,1
211232,2
738012,2
430717,2
429013,1
622733,0
175296,2
208540,2
341637,1
980407,2
747972,1
10675,2
413483,0
492601,2
440868,1
179308,2
850302,-1
994884,2
280069,2
225213,2
383465,2
495245,2
457142,2
918082,2
850665,2
119798,1
197624,0
419286,1
66539,2
937594,1
458056,1
391586,2
537905,-1
940773,1
63636,2
350290,2
399262,1
879570,2
242644,-1
360419,2
702569,1
195816,-1
757711,1
927763,1
709644,2
713965,1
645834,2
917740,1
102859,2
302987,2
533731,0
989796,1
998974,2
238041,2
849413,2
277751,2
42975,1
243718,1
993297,1
162328,1
341635,1
650311,2
244956,2
203918,1
474921,0
111066,1
706768,1
701078,2
469942,1
396077,1
930734,1
769160,1
324,1
685392,1
195255,1
132265,2
232617,1
671491,2
24200,2
670870,0
187081,1
740680,2
183014,2
1002,1
437581,2
13562,-1
525771,1
484704,1
435190,2
563240,1
980945,2
71688,0
43993,1
674237,1
609692,2
994995,2
17950,1
660705,1
488065,1
718541,2
789782,1
774504,1
942387,1
913856,1
68822,2
498872,2
282396,1
607114,1
293524,2
67727,1
926215,1
237135,2
13937,1
105223,2
989572,2
548324,2
565886,2
319852,1
958100,1
343719,2
731863,1
603466,1
119608,1
692785,1
764412,2
853757,1
822612,2
400706,1
506377,2
676465,2
528708,2
426419,0
540054,2
912100,2
274630,2
554174,2
905680,0
418450,1
418141,1
307012,-1
890324,2
682705,2
379783,2
843593,2
22034,2
616085,-1
672236,2
440264,1
162520,2
571452,2
178299,2
187726,0
162956,2
650239,2
285695,2
62508,1
601101,2
888833,0
452911,1
532091,1
647934,2
205997,-1
376530,1
491158,1
670340,1
63710,1
373166,2
123762,2
949504,2
282697,-1
796241,2
968995,2
114369,2
505454,2
804838,1
254338,1
357839,2
356216,2
27874,1
985071,1
718353,2
10863,1
519963,2
398011,-1
858431,0
781976,1
647740,1
509315,2
180805,2
153440,-1
721700,1
665905,2
425155,2
592618,2
604000,1
706419,1
626332,1
675525,1
35335,2
879999,1
695422,-1
282559,2
347486,2
237897,1
83693,0
434463,2
936349,1
467990,1
339981,2
998342,2
769234,2
812406,1
325242,1
274653,1
141806,1
239144,2
537273,2
147807,1
207974,2
357314,1
789590,1
752831,2
719483,2
717031,1
744804,2
912022,-1
541124,2
999263,1
986822,1
397991,1
819649,1
917021,1
742017,2
68689,1
233448,1
391815,1
625916,1
602874,2
384242,2
248317,2
597775,1
505736,2
830762,2
268977,2
169209,2
674056,2
303834,1
893012,1
950264,1
155098,2
643801,2
37382,2
239109,2
811745,2
307324,2
651589,0
728961,2
995965,1
32617,2
345264,0
670510,2
187322,1
643839,2
656403,1
407063,1
456801,2
279241,2
173656,2
140144,2
695410,1
342379,1
904821,1
102149,1
315058,-1
443380,1
328359,1
822742,1
363827,2
369444,2
15004,1
425757,2
795670,2
994106,2
521233,2
629606,-1
428345,2
376182,1
557421,2
351678,1
566520,1
951080,1
431383,2
164681,1
711690,2
487536,1
12892,1
93856,0
616594,2
55340,2
977890,1
767055,1
449932,2
916728,1
116029,2
385866,2
560183,1
264529,2
410097,1
759381,2
846166,2
975978,1
73908,1
564366,2
218212,2
774290,1
468930,1
692526,-1
425303,1
907670,1
345212,1
686682,2
130895,1
78847,2
813529,1
512340,2
643621,1
492385,1
105981,2
106267,2
395551,1
133092,1
62304,1
773877,1
261474,2
2066,2
880642,1
168822,1
291414,1
518500,1
474278,2
250041,2
369792,2
549105,2
735919,1
415660,2
390548,2
586365,0
801663,1
21444,2
429715,2
485778,-1
353052,1
39102,1
874377,2
582519,2
714029,2
562887,1
161206,-1
242518,2
333341,0
526794,2
862925,1
964831,1
141282,1
642970,2
437390,2
251594,2
3947,2
782071,-1
876155,2
518691,1
571034,1
57352,-1
444558,2
44613,2
583126,1
516278,1
599097,2
144626,1
362282,2
465505,1
781993,2
840724,2
385584,2
332709,2
913766,1
49767,2
416908,2
607640,2
642312,2
66809,2
55451,1
776252,2
146193,1
839366,2
579210,1
597687,-1
619476,1
414013,2
380700,2
896367,2
334698,1
314624,1
991473,1
549413,2
242209,2
969368,2
348883,2
418492,2
470540,1
458378,1
109266,1
796016,2
146189,-1
908598,2
305829,-1
150626,1
314295,2
785092,1
349953,1
315604,2
719053,2
625475,2
904281,2
864899,2
98191,2
393935,2
976682,2
115902,2
714477,1
904871,1
40002,2
196167,2
876677,2
639041,2
658238,2
118538,-1
585684,1
212373,2
439871,2
372248,1
808291,1
740677,0
286600,2
39137,2
242134,1
789533,2
974607,2
121892,2
925466,2
659381,2
71947,1
619589,2
538261,2
401624,1
592687,2
770681,2
655254,-1
803295,2
770982,2
841939,2
773430,2
910369,1
529946,1
453960,2
199412,1
928138,1
89026,2
936076,-1
48194,1
543968,-1
428811,1
199176,2
308647,2
472164,1
14347,2
792863,1
730475,2
302030,1
729730,2
355810,2
520559,0
116986,-1
242175,1
214431,0
627510,1
372797,2
821047,2
859883,2
184039,1
575649,1
406507,2
208568,1
371985,2
440835,2
647629,2
897754,0
802877,2
254620,2
306648,2
80762,1
65253,2
221872,1
655251,1
400521,2
899111,2
213627,1
32882,2
127013,2
296021,1
246508,2
881303,1
877621,1
913736,2
28168,2
616816,1
337927,1
60850,2
382625,1
306424,2
125916,2
887268,2
646241,0
833300,-1
640993,1
185928,1
723717,2
161924,2
653426,2
326871,1
23219,2
694941,1
511624,2
713841,2
757148,2
233609,2
481699,2
788178,2
258840,2
180910,2
143846,1
397187,1
735956,1
697066,2
398754,1
159756,1
583833,1
347170,2
840626,1
976083,2
936082,2
707118,1
230817,1
647480,1
886880,2
669722,2
89211,2
965203,2
205053,2
792494,2
810157,0
244378,2
953700,2
823363,-1
643295,1
844388,2
111866,1
891158,2
658186,2
376161,2
733882,2
524949,1
754796,1
747068,1
260344,2
341280,1
833793,-1
456224,1
942777,2
813648,1
703664,2
454700,2
774633,1
713981,2
439771,2
877051,1
557810,1
999361,2
541390,2
843489,1
864943,2
624938,2
672160,2
651084,0
657393,1
730399,1
507652,1
836399,1
231,2
141372,1
67600,1
486188,2
788413,2
163707,1
175537,2
899924,-1
387467,0
300294,2
263648,1
546601,2
208409,2
988785,1
460408,2
596290,1
152927,1
330596,2
813049,1
29924,1
966487,2
211780,2
934971,2
396644,1
389863,2
151900,2
529295,2
197911,2
795755,2
826090,1
10291,2
827586,2
342303,2
467556,1
237893,2
182715,0
523321,1
363106,2
23004,1
928252,2
391847,1
675665,2
348827,1
729449,1
232059,1
171354,2
161420,1
920419,1
125728,2
529144,-1
38443,2
923595,2
281501,1
755722,1
34877,2
948297,2
655292,1
624662,-1
617813,2
872665,2
251854,2
836359,1
798768,2
922488,2
446131,2
711942,-1
132672,1
117315,2
786925,2
88937,0
841709,2
764509,1
263838,1
903611,1
135121,1
144821,2
632162,2
360173,-1
448103,2
678866,2
415234,2
724647,1
665309,1
957065,1
224939,2
133760,2
402953,1
647958,2
973496,1
211487,2
970549,1
322361,1
758055,2
34105,1
684967,1
167784,1
645719,2
183603,1
644988,1
417921,1
634015,2
855655,2
364166,-1
818184,1
637913,1
584433,0
54701,-1
417381,1
883513,1
518360,2
599938,2
638621,1
961715,1
697302,1
167532,1
65065,2
872916,1
199128,2
977732,1
387630,2
42462,2
349811,1
534173,2
785799,2
403726,2
504476,2
32252,2
440593,1
892685,1
536460,2
806307,2
670875,1
681122,1
781879,1
247068,1
112810,1
603763,2
340383,1
401550,-1
397696,1
292460,1
46055,1
922725,0
420119,1
345844,2
495305,1
575462,1
353591,1
697999,1
645309,1
775388,1
616411,1
137885,1
451960,1
789115,1
477120,2
471531,1
643397,1
981119,2
905720,1
527327,2
214262,1
764356,2
285265,1
109031,2
889920,1
918544,2
345862,-1
626861,2
407425,1
112891,2
892965,-1
500622,1
359206,2
132398,2
141932,1
27158,2
312699,1
641045,2
548793,1
614023,-1
195809,2
462314,0
505590,1
475827,1
347787,1
246778,2
974119,2
585186,2
76203,2
637597,2
999983,0
465780,2
735013,1
290151,2
347870,2
446311,2
408612,1
196509,2
129739,1
624840,1
806364,1
616197,2
376651,2
568226,2
51453,2
646773,0
462459,1
932633,2
420183,-1
992903,2
968742,1
345859,2
890862,1
674121,1
268219,2
7655,1
497236,2
186163,-1
706987,1
128531,1
315675,2
746780,1
968654,1
252133,2
53344,2
933095,2
161392,1
694317,2
682757,1
583969,2
230320,2
927233,2
702609,2
449579,2
52493,2
275488,1
308521,2
960368,2
275530,1
833217,2
800449,1
244138,2
642606,2
370237,1
36966,2
12748,1
465047,1
688977,-1
843598,1
790157,1
242160,1
628826,2
446288,1
322424,1
803087,2
634079,2
825627,1
961667,1
33808,1
198272,2
990123,2
469488,2
463957,2
880361,1
584773,2
374553,1
183275,-1
113375,2
190844,2
795230,1
444102,1
259635,1
497056,2
205201,2
830570,2
177632,2
874661,2
204768,1
426709,1
666101,1
728666,0
622683,2
539304,2
490246,-1
862832,1
91092,1
629284,2
581779,1
767922,1
207825,1
488877,2
290673,1
587933,2
12343,2
991667,2
366178,1
990370,2
345018,2
900182,2
23133,2
813652,2
155474,-1
265814,0
976781,2
853893,2
125784,2
722067,2
203641,2
455687,2
21780,1
739736,2
663336,1
669160,1
99220,2
736519,2
162533,1
272392,2
809568,2
408446,2
293618,2
614427,1
448949,2
434123,2
694186,2
480120,1
343589,2
595575,1
880717,2
302744,2
631761,1
706535,1
121619,2
177940,2
94004,2
300637,2
324458,2
336980,1
3151,0
390611,2
336024,1
811013,1
920143,1
824716,1
453544,2
368830,2
556824,2
744397,2
647697,1
539985,2
399389,2
715168,1
784741,1
117318,2
568817,2
377392,1
111643,2
8723,1
262101,1
551225,0
377121,2
388278,2
387855,2
396758,2
821375,1
307577,1
11874,2
152947,1
373196,2
681799,1
195033,2
470515,1
542193,1
786188,2
952036,2
782706,1
232723,2
443670,-1
685079,2
276015,1
373750,0
956265,1
847491,1
511736,2
301549,-1
491260,1
502197,2
972927,1
740869,1
519113,1
573875,2
858962,1
528969,1
570551,1
883034,1
169392,1
269695,2
47454,1
391822,2
628083,2
644328,2
436950,1
26551,2
647139,2
179680,2
363692,-1
483048,1
540983,1
788092,2
205106,2
785011,2
33426,1
338299,1
240223,2
514220,1
767021,1
458376,2
871950,1
648034,2
302254,2
638987,1
543051,2
518964,2
205963,1
895438,2
838812,2
396598,1
9385,1
53503,-1
857881,1
899149,2
983942,1
717325,1
193613,2
287333,2
242144,1
966042,-1
167148,-1
3451,1
223188,2
571929,1
484537,1
261371,2
333480,2
717182,1
18369,2
239212,1
713047,1
896499,0
19234,2
576063,2
865976,1
865858,2
214133,1
7500,1
461792,2
909060,2
896636,2
923236,1
363209,2
943350,2
23718,2
732753,2
436406,1
226552,2
995707,1
860633,2
283389,-1
828750,1
750985,1
10691,1
968989,2
283169,1
479441,2
49000,1
895112,1
89198,1
731498,1
873492,1
748686,2
493732,2
666504,2
291794,0
591070,1
399545,1
898448,1
655033,2
653524,2
933765,1
98740,2
701254,2
460181,0
750030,2
745890,1
633094,2
885609,1
642211,1
893929,1
233330,2
187583,2
1778,1
468742,0
757706,1
197401,0
145207,2
969010,1
93645,2
262801,1
874333,1
593952,2
874815,1
792528,1
96606,1
104081,1
951844,1
240191,1
741518,1
490704,1
787476,1
356997,1
804006,1
873876,-1
623346,1
987897,1
914419,1
412157,2
2028,0
605102,2
749238,2
307392,2
397422,2
338237,2
80541,1
449512,1
294833,1
413620,2
387693,1
450373,1
589886,1
516932,2
581483,2
346955,1
734933,2
288357,1
303455,-1
224575,1
576795,2
15284,1
573941,2
919384,-1
719494,1
24551,2
183366,2
336178,2
634250,1
609196,1
974078,2
839965,2
232062,2
924312,1
575336,1
124851,2
806164,-1
732761,2
500599,2
412117,2
906349,1
913803,2
393406,1
189856,1
310554,2
919892,2
569801,2
817363,2
440342,2
720834,1
406014,-1
142478,2
759688,2
371839,2
628608,2
488708,1
498562,2
43007,0
466461,2
103442,2
685532,1
488405,1
681057,1
353092,2
284569,1
395034,2
366099,2
577799,1
854121,1
264258,1
349261,-1
122095,2
910800,2
638147,2
101951,2
309070,0
570235,2
59157,2
669686,1
558941,-1
51268,1
991319,1
514870,1
52275,1
44216,1
326352,2
930456,1
837886,1
425286,1
354627,2
590555,2
540462,-1
981998,2
135020,2
981661,2
805343,1
776590,1
700547,1
575771,2
810435,1
107181,2
122281,2
556956,0
77126,2
290670,1
517369,1
808687,2
114203,1
15842,2
102935,2
23002,2
404865,2
567081,1
211891,2
619002,1
684757,1
179146,-1
935520,1
824330,-1
150637,2
119377,1
768227,1
149919,2
669199,1
185722,1
336736,2
544432,2
461608,1
543004,2
34682,2
92880,2
215890,1
888835,2
181401,1
189154,2
872090,2
845259,1
218304,2
567409,1
399514,1
672209,1
4403,1
445740,2
464276,1
886163,1
187666,2
160670,1
285723,1
272753,1
170877,1
698764,1
132467,1
39110,2
606934,1
17095,2
13523,2
462723,2
389239,2
587505,2
690523,2
253146,1
167461,1
716193,1
754194,1
937593,2
795201,0
941129,1
951756,2
541050,2
676119,2
383346,2
318732,-1
177261,1
374551,1
335242,-1
669156,1
147257,1
631258,2
577768,2
556221,1
172964,1
767518,2
905221,1
937706,-1
676551,-1
411028,1
968883,1
65085,2
974176,2
281304,2
860156,2
885791,1
174569,-1
674895,1
70824,1
604290,-1
927676,1
731245,1
143452,2
342692,2
871087,2
761613,1
798311,-1
635795,1
700014,1
791049,1
279700,1
507646,1
444407,1
465916,1
134834,1
852541,1
962364,2
176463,1
992510,1
975849,1
420299,2
704863,1
421447,1
935240,2
461836,1
819440,2
419330,1
535890,2
841407,1
826224,1
546860,1
624360,2
587419,1
389504,1
860824,2
793887,2
945522,1
436399,2
797196,1
642292,1
258901,2
233757,2
875599,2
860413,2
922066,1
719718,1
667210,1
954662,1
593300,1
491493,1
943128,2
670317,-1
550089,2
152533,0
725903,2
685530,1
679978,1
247717,1
803475,2
776944,1
232693,1
752730,2
526205,1
831699,1
739965,2
251342,1
718512,1
816966,2
903146,1
891315,1
787078,2
21589,2
322283,1
867456,2
22847,1
520018,2
767439,2
808874,2
257679,2
635476,2
336477,2
398328,1
386898,1
559407,2
658452,2
64700,0
636423,1
906223,1
773709,2
441850,1
133043,-1
553119,1
632138,2
320905,1
975115,2
38430,2
733245,2
384813,2
464528,2
786000,1
684182,-1
221073,2
965970,1
691400,-1
691422,1
63149,2
94816,1
613499,-1
910979,1
50617,1
529874,2
144763,2
477049,2
718864,1
799336,2
429124,2
16399,1
389891,1
803662,1
45923,1
260020,1
780749,2
618441,-1
139969,-1
723808,1
188951,2
609927,1
98321,1
513818,2
943916,2
847508,1
425538,1
231808,1
618984,1
810170,-1
952783,2
310439,1
955627,2
201714,2
253507,1
336728,1
739980,2
652034,1
786046,1
338331,2
978337,2
559940,1
930566,2
619635,2
44405,1
436944,1
609023,1
888451,2
565182,1
230971,1
966471,1
633801,1
596337,2
434014,2
876617,2
60545,1
971322,2
634921,1
851954,1
717758,2
421679,2
890281,1
665551,1
356135,2
963332,2
574829,1
81371,2
603906,-1
468076,2
659606,2
97195,1
493580,2
880721,2
96026,-1
252046,1
856130,1
472832,2
209090,2
609183,1
514259,1
681249,2
25872,2
408169,2
905925,2
459544,2
913419,2
71764,1
92104,1
74545,2
870533,-1
393229,2
686549,1
299868,2
725140,1
661441,2
474203,2
242949,1
179621,2
537577,2
847478,1
884263,1
793221,1
819944,1
490010,1
939135,2
323575,1
893288,2
116830,2
362231,1
471844,-1
176547,1
565202,0
329502,1
638907,2
614055,1
51534,2
945333,1
122940,2
469138,-1
880749,2
778694,-1
104364,1
368719,2
193727,2
665192,2
565739,2
343223,1
279885,1
892105,1
140680,1
790521,1
412336,2
445997,2
779795,2
681616,2
367686,2
506370,2
132168,2
759108,1
607329,1
833214,2
989639,1
381419,0
152267,2
84283,1
983881,2
657049,2
460356,2
700177,2
724623,1
269340,1
535460,1
552058,2
163554,2
243130,1
943320,2
931056,2
574005,1
321998,1
313038,1
651974,2
744160,1
911544,1
28314,2
420118,2
865942,1
782992,2
175154,1
65902,2
787883,2
791692,1
207757,2
976442,1
758755,1
867625,1
607007,1
938596,2
994970,1
528695,2
534510,1
661942,1
715352,2
786120,2
840591,1
649191,1
229841,2
783682,2
218198,1
446581,1
936827,2
152582,2
728227,2
11920,2
622280,1
735540,-1
9279,2
757282,1
904522,1
347211,2
820479,2
756206,1
678920,2
440259,2
559157,1
406889,2
388681,1
88041,2
854980,1
922520,-1
213898,2
145369,1
860687,2
680519,-1
321220,1
882331,1
907463,1
335976,2
622805,1
349122,2
324368,2
581146,1
455964,2
160166,2
580239,1
18671,1
716376,2
979435,0
252476,2
838635,2
846835,1
981163,1
236535,2
927987,-1
710593,1
610576,1
758414,1
18822,2
424206,0
154236,2
729958,2
407521,1
824810,2
554576,2
996125,-1
508149,1
280895,2
110710,1
583480,1
667841,1
949978,2
396471,-1
837179,2
737124,1
294524,2
641827,1
416947,2
515505,1
588319,2
604614,2
446458,1
37360,2
704078,1
544705,1
63842,2
901931,1
269577,1
138417,1
426497,2
674947,1
247478,2
209270,-1
992108,2
255923,1
972520,-1
942975,2
664932,2
799405,2
937887,2
173729,-1
485359,1
134379,2
760079,2
398627,2
32929,2
299783,2
44735,1
728497,-1
183312,2
94753,1
14623,2
353731,2
297818,0
713609,1
362414,2
34025,1
704233,2
579173,2
591696,2
315835,2
270023,1
926733,1
30642,2
665957,2
28337,2
417278,2
50742,1
358351,1
200711,0
389793,1
454424,1
717217,2
294907,1
198716,1
606121,2
970000,2
398295,2
849951,2
971806,1
500923,2
307702,2
960324,2
645317,1
29213,2
477346,1
299162,0
544515,1
880298,1
612332,-1
766985,1
361680,1
302664,2
200394,1
447949,1
99648,2
928859,2
83796,1
925802,1
294633,2
303648,2
314580,2
572088,2
200392,2
641822,2
385091,0
556789,-1
203724,1
296730,2
916865,1
435206,2
797442,1
586862,1
544527,1
342507,0
159414,-1
873750,2
240786,1
912315,1
430947,1
502009,1
406685,2
783825,2
994307,1
826534,2
958248,2
965880,2
641657,-1
250465,2
447013,2
855359,2
807064,1
986805,2
461201,2
488707,1
895905,1
801388,2
34910,2
242159,0
45534,2
976055,1
937872,2
838818,2
590122,2
21289,2
762446,1
164145,2
397452,2
95291,2
870694,1
419126,2
314286,2
951661,-1
187089,2
375759,2
679611,-1
422353,2
886918,2
678095,0
839278,1
379592,1
738080,2
336714,2
1816,1
657388,-1
683321,1
477660,1
223453,-1
421643,1
43719,2
381965,1
294032,1
109220,1
874526,2
440019,2
927947,-1
574554,1
128567,2
378707,2
592854,2
456458,1
962041,2
750953,1
52542,1
122796,2
187289,1
265431,2
828671,2
244357,1
753421,2
204521,-1
14384,2
938581,2
739493,-1
272480,-1
293270,1
407620,2
221779,2
700583,1
491385,2
648006,2
271260,2
68436,1
7675,2
820467,2
957518,2
192926,1
970423,2
960163,2
458966,0
644790,2
85869,1
775140,2
802518,1
110473,1
640417,2
280223,2
494357,2
174044,1
731471,1
3723,2
3202,1
549109,1
873234,2
580874,1
56879,1
608787,-1
151713,2
457952,1
155514,2
572568,2
471996,1
749681,1
85658,2
509974,2
45633,-1
163316,2
168820,2
540509,1
203774,2
589068,1
930997,2
327726,1
673125,2
470462,2
275391,2
723919,1
446680,2
141194,2
583867,0
302930,2
757862,2
649240,1
551327,1
162535,-1
715022,1
356711,1
279120,2
564,2
121545,1
242286,1
625921,1
216342,1
534568,1
173469,2
451677,2
565007,1
858239,2
707167,1
581249,2
833702,2
14926,2
448775,1
864201,2
15881,2
57888,2
525539,2
672859,1
297051,2
413953,1
20613,1
783978,1
44946,2
739146,2
242763,1
427532,2
482620,1
338775,2
963222,1
853096,2
178136,2
507896,2
872710,1
756649,2
427921,2
236300,1
472843,2
585050,1
722000,2
652221,1
157054,1
758676,2
842465,2
212791,1
695776,-1
699957,2
232164,1
517116,2
930064,1
576283,1
265567,2
17842,2
798939,1
168339,1
106814,-1
825225,1
360538,1
612554,1
853657,2
98480,2
177484,1
777232,2
768047,1
881405,1
671404,1
329427,2
184153,1
859092,1
456205,2
280330,2
203075,1
272683,1
102279,-1
251364,1
691018,2
171437,2
584523,1
352915,2
938918,1
118705,2
362862,1
162835,1
684924,1
192051,2
302733,1
338757,2
964326,2
84507,1
785363,2
504198,1
232387,1
169990,1
191543,2
746266,2
389694,2
202010,1
693828,2
234488,2
933815,2
536804,1
568070,1
757915,2
214113,1
430081,1
219191,2
154202,-1
265504,2
192317,2
231203,1
921692,2
582394,0
103419,2
469177,1
67327,1
409807,2
576187,1
550239,1
648313,1
375610,1
288718,0
661607,2
440008,2
937627,2
721289,1
287145,1
281673,2
886513,2
407091,2
42518,2
742525,1
118175,-1
339939,2
746758,2
47529,1
750212,2
162028,1
937194,1
491132,1
474018,1
361042,2
799826,1
513377,2
329632,2
994041,2
721268,2
93850,1
610899,2
418447,2
502706,1
910420,2
103571,1
338728,2
143979,1
908115,2
224771,1
203179,0
784900,1
795672,2
197824,1
158701,1
863844,2
678273,2
291587,2
380473,1
144028,1
296369,1
100221,2
353354,1
74660,1
359734,2
593537,1
461573,0
787803,2
498737,1
700957,2
504538,2
736901,2
651995,1
853083,1
582931,1
356177,2
140282,1
615437,2
59916,-1
358757,1
144672,2
239716,1
661831,1
795858,1
124164,2
129832,2
112460,1
242681,1
160144,1
422103,2
546746,1
219843,2
151006,1
190868,2
994821,1
531825,2
35242,2
858151,2
432143,2
12320,2
831941,-1
584499,1
524383,1
795138,1
152972,1
703808,2
620420,2
465164,1
384067,2
231989,2
946557,1
154720,1
948569,2
435694,2
300631,2
702259,2
881456,2
870399,1
997972,1
662440,2
733984,1
578706,2
232381,1
20967,1
277542,0
191551,2
11712,1
729970,1
937412,2
515785,1
27412,1
626724,1
718433,0
467242,2
127677,1
515849,2
962814,1
73851,1
448294,2
388958,2
88600,1
815016,1
342255,1
315500,1
397781,1
497256,-1
900685,1
895026,1
837882,1
857718,1
645914,0
429221,0
733705,1
644143,2
168585,2
823781,2
732801,1
484639,2
144983,1
558804,1
78602,1
509354,2
59464,2
702425,2
194139,1
354470,1
697242,2
959223,1
925997,-1
964409,-1
552441,1
704720,2
637471,2
392090,2
429352,1
418244,1
212699,2
433115,2
596894,2
744616,1
700389,2
499577,2
939324,2
444327,2
899081,1
562893,1
430444,2
590926,1
301275,-1
341119,2
629890,-1
292105,2
598093,2
578681,2
450187,0
806371,2
377791,-1
552683,1
310662,2
493968,1
213428,1
323918,1
659778,1
931821,2
466144,1
485827,2
576534,1
880020,1
983767,2
307996,1
901703,2
787373,0
488684,1
138535,2
116502,1
418892,1
695046,1
601032,1
260117,1
84408,2
438427,2
260358,-1
564732,2
727187,2
126996,1
166715,-1
941101,2
963211,1
206732,2
754664,2
991119,-1
573773,1
733913,2
324298,1
286589,-1
452072,2
574560,2
582553,1
387930,2
106633,1
209318,2
247440,1
645123,2
632243,2
41005,1
510964,1
126015,1
925313,-1
946901,1
645629,2
568781,2
966168,2
164600,2
76245,2
54719,1
7509,1
434728,2
68985,1
889229,2
617853,1
230037,1
598028,2
934017,1
204685,1
275992,2
365621,2
71091,1
972408,2
109470,2
79549,2
362284,1
87027,1
7240,1
703452,-1
145197,2
1945,-1
712767,2
511943,1
228503,2
675038,1
850882,2
157092,1
993050,2
190667,2
56081,1
320095,1
124432,1
929212,1
770494,2
759292,1
726964,1
355876,1
932500,2
251875,1
147687,2
124352,1
567215,2
47328,2
384546,2
714132,1
744069,2
904328,2
174271,2
946120,1
340483,2
280836,-1
44911,2
438926,2
502640,2
613771,2
295236,1
651182,2
113815,2
70411,-1
770580,2
425733,2
952906,1
859485,2
567060,1
533881,0
470525,2
848469,-1
568784,2
877185,1
168726,1
587093,2
987387,2
342669,2
725378,1
487075,1
344476,2
332836,1
767844,2
262960,2
71648,1
529828,1
980495,1
389168,1
981338,2
795799,1
976940,2
96321,-1
41753,1
194110,-1
504128,1
780124,1
356023,-1
398872,1
345019,2
776169,1
359849,1
311294,1
618627,-1
155605,2
397357,1
880594,1
282389,1
8701,1
646950,2
701935,1
867236,2
169205,1
677356,1
551956,2
239983,1
829555,2
90918,1
604275,2
172579,1
9475,1
924591,2
676803,1
715117,1
795553,-1
672587,0
273880,1
29004,2
596291,2
594134,2
684013,1
262766,1
332492,2
33218,1
511329,0
626443,1
76165,1
210055,-1
145456,1
131138,2
864046,1
226831,2
641620,0
121792,1
593310,1
998283,1
366049,2
790955,1
484959,1
518884,1
444593,1
285948,1
262411,2
544648,2
181962,1
29667,-1
101815,1
484679,2
165310,1
991755,2
753084,2
645827,1
797101,1
652094,1
415350,1
988696,1
254341,2
619928,2
733556,1
874389,1
889535,-1
18492,2
212156,1
446936,2
99337,2
366122,2
857685,1
752290,1
784519,1
841029,2
818114,1
391759,-1
218217,2
514458,2
725621,2
277280,1
960351,1
497022,1
673763,2
576817,1
113307,2
623916,2
650738,2
647394,1
764007,-1
732898,1
391659,1
175838,1
467890,1
648786,0
192616,1
280107,2
231690,2
760479,1
220087,1
27968,2
435534,1
906542,2
682632,2
807456,2
985511,2
531101,2
405436,2
477213,2
440967,1
334834,1
906815,2
478680,2
184856,1
527493,2
562159,1
244745,1
642003,2
357986,2
46480,0
49925,2
979680,2
662792,1
75837,2
943024,2
576033,1
345642,2
634597,1
743366,2
573632,2
292228,2
843750,2
510205,2
709542,1
228488,1
922831,1
579403,2
395851,2
440675,2
714011,2
679588,2
154261,2
701991,2
78214,2
807282,2
668050,2
734739,2
385189,1
413920,2
651019,2
255286,1
258396,-1
931784,2
79989,2
628610,1
439993,-1
898414,0
681341,2
150769,2
710936,1
616628,2
811994,1
556747,2
843257,1
99188,1
427006,1
97899,2
706552,2
717134,1
920814,2
583327,2
738594,1
506262,1
63123,2
929360,1
741854,2
305707,1
837793,2
742000,2
918334,1
956244,1
493656,2
155104,2
598173,2
693350,2
858955,-1
648396,1
381704,1
761694,-1
880806,1
227080,2
623268,-1
983828,2
802279,2
987980,2
211241,2
265042,2
174321,1
461455,2
399200,2
52238,2
619713,2
219773,2
276473,2
868018,2
758458,2
929280,2
589155,1
266361,1
914494,1
560119,2
486451,2
881623,1
219667,2
380317,1
221371,1
37074,1
713540,2
548241,1
611865,1
987116,1
322192,2
216069,1
629946,2
13575,2
811195,2
265187,2
664758,2
682704,2
403445,-1
254631,2
616375,-1
772787,2
964612,1
126727,1
804398,2
904502,2
771068,1
996118,2
48173,1
210227,1
236789,1
70995,2
706649,1
785152,1
905971,1
895249,2
637993,1
626143,0
181536,1
462251,1
146057,2
186483,1
955391,2
627421,1
677657,2
109807,2
2354,1
596661,2
697797,2
449687,2
89035,1
934819,1
474445,1
499061,1
222175,1
816137,2
958446,2
451394,1
988130,1
39619,1
531092,2
970953,1
6685,2
57260,2
339478,-1
854673,1
391664,1
105187,1
489312,2
605384,1
345792,2
498080,2
442883,2
366507,0
268424,2
548053,1
816356,1
319790,2
406053,2
749147,1
860970,1
848457,1
163149,1
133966,1
800062,1
702964,2
44870,1
370116,2
264,1
691694,2
386234,1
622990,1
761421,2
550240,1
18557,2
880977,1
900311,1
290640,1
834981,2
805937,1
5660,1
937229,2
602273,1
756623,2
314251,1
859126,1
625840,2
628722,1
31683,2
637301,2
861106,1
962504,2
413768,1
509887,2
252731,1
795288,1
710479,2
174945,1
579830,2
229717,-1
144271,2
379189,1
290199,1
200446,1
128390,1
699939,-1
108841,2
312441,2
864148,2
950584,1
961196,2
685323,1
805401,2
698939,1
814000,2
58299,2
23273,1
995061,1
676193,1
546056,2
655182,1
69773,2
587608,2
17138,-1
280642,1
371093,1
779346,2
818106,-1
318382,1
767509,1
777623,1
107387,2
130632,1
187272,1
566063,1
286832,1
63870,2
128230,2
197323,2
716749,2
957299,1
274019,1
203658,-1
191203,2
267003,2
716822,1
375666,1
823132,2
377725,1
18572,1
356855,-1
105902,2
827866,1
478653,0
349139,2
68048,1
635269,0
363713,2
87799,2
915713,2
609213,-1
1868,2
777800,1
574642,2
858064,2
638221,1
480115,1
596549,2
573227,1
667910,2
269505,1
681429,1
980390,2
904230,1
261374,1
889016,1
1873,1
427871,1
574530,1
602979,1
347948,2
282595,2
412481,2
380725,1
63535,2
734774,1
179529,1
633917,1
894682,0
158195,2
763806,2
848639,-1
194609,2
865198,1
565875,2
496725,2
953477,2
630968,2
737186,2
526033,1
404501,1
558384,2
904548,2
328893,1
455263,2
411075,1
370060,1
116665,0
432933,2
608567,1
908282,2
66979,2
599838,2
543212,2
885689,2
443882,2
876929,2
887643,2
624540,2
34911,1
580022,2
198211,1
630440,2
542738,2
871903,1
716228,2
406230,1
668064,2
314274,2
257686,2
101227,2
25290,2
375891,1
34010,2
40365,2
853758,2
788125,2
213338,1
180139,1
55654,2
834951,1
627875,2
251339,2
440126,2
272326,2
644600,2
398471,1
802594,2
573749,2
52505,1
434584,2
438631,2
427939,2
915148,2
860272,2
368060,1
774835,2
354242,2
570617,1
70495,1
135174,1
682907,2
372076,2
367591,2
815570,2
629181,2
829720,-1
221249,2
819991,1
237193,1
541924,1
27354,1
91111,1
182572,1
84978,2
353319,2
760882,1
166329,2
640783,1
328610,1
7783,2
610090,1
880345,1
259391,1
254046,1
483168,2
634613,2
794011,2
864337,1
804186,2
188819,2
133114,1
302105,1
879752,2
536387,1
193423,1
657857,2
380045,0
594314,1
570237,1
670097,2
918209,1
837336,1
74832,1
599202,2
345439,2
597691,1
623359,2
154926,1
543345,1
47506,-1
968726,2
417810,1
143490,1
378655,2
946596,1
35342,2
622888,1
832165,1
192832,1
97549,2
495487,2
766048,2
939033,1
138800,1
228761,1
574754,1
626985,2
433348,1
192355,2
963107,1
999981,2
617958,1
952959,1
959362,1
192609,1
66246,1
358555,2
813493,1
382756,2
199914,2
266290,2
553116,2
993994,1
660130,2
589516,1
46337,2
514759,1
162622,2
644185,1
739106,1
971561,1
659698,2
151215,2
416432,2
769917,1
788844,1
492700,1
425952,2
235477,2
527302,2
958454,2
602185,2
532355,1
421607,1
479614,2
438859,2
543088,1
462257,2
590371,2
10969,0
589424,2
464478,2
429596,1
798448,1
23909,1
376272,2
923193,2
823747,1
457355,1
347052,2
66502,-1
299715,1
312547,2
826591,1
230066,2
907342,2
185909,2
964603,2
652858,2
673484,2
659850,1
325061,2
91808,1
123801,2
513943,2
860175,1
815056,2
486326,2
855450,2
240653,2
757775,1
650557,2
610842,1
399725,1
348551,1
83045,2
70637,1
237678,2
222133,1
865701,-1
68152,2
767679,-1
389088,2
575093,2
755276,-1
125235,2
117833,1
850199,2
665252,1
354103,2
85482,1
96215,1
420392,2
836749,1
96112,1
442655,2
493632,2
250104,2
431638,2
260943,-1
28195,2
228403,1
434759,1
609858,1
726626,1
836744,1
387382,1
566453,2
43761,1
815572,1
127076,2
350807,1
37942,2
367769,2
374290,2
181464,2
806379,2
61948,2
531906,2
658791,2
322278,-1
901920,1
963328,1
405596,1
11922,1
74085,2
616402,1
280716,2
798339,1
133412,2
739578,1
480835,1
529150,1
174969,2
278166,1
773548,1
737855,2
410542,2
211669,2
423622,2
708256,1
448983,-1
186031,1
169019,-1
101779,2
650180,1
926550,1
138491,1
391450,2
934166,1
697839,1
720023,2
971780,1
748213,1
926054,1
308665,0
210959,0
757381,1
519967,1
517695,1
828619,2
786684,2
654141,2
26799,2
291929,2
482170,1
853745,1
300939,2
510814,2
167713,2
265139,2
155267,1
228872,2
384335,1
813193,1
38282,2
183876,1
720812,1
109534,1
259492,1
246290,2
763749,2
642286,1
867952,2
8216,2
320110,1
21464,2
310567,1
615005,2
53859,2
297063,2
264190,2
443998,1
757742,2
754862,1
725854,1
890956,1
321055,2
634254,1
235754,2
558955,1
65287,2
484377,2
10455,0
286352,2
113454,1
461270,2
488570,1
887186,2
758368,0
814188,1
8804,2
919559,1
902551,1
836655,2
259266,1
843290,1
89878,2
177737,2
709915,1
538854,1
916160,-1
226541,2
138347,2
189907,1
835957,2
2453,2
288234,1
892628,1
347594,2
235588,1
468709,1
475853,1
508767,1
141974,1
505807,2
966179,-1
800564,2
897987,1
566665,2
31082,1
893407,1
497793,2
271869,0
952902,2
249204,1
425573,2
857643,2
970991,1
820814,-1
771165,1
522475,1
134378,2
208843,2
781292,2
488788,2
56755,1
677231,2
430403,1
492666,1
690704,1
86820,2
729700,2
910595,1
627411,2
544675,2
236936,2
707145,-1
723320,1
534852,1
585851,2
789872,1
489844,-1
626956,2
520654,2
466279,-1
615839,2
340614,1
578623,2
986836,2
699946,1
491981,2
302985,1
821321,2
872096,0
83112,1
916902,2
74318,2
41781,1
108426,2
540514,1
350015,1
504130,1
569630,1
48076,2
582428,1
678581,2
933542,2
204455,1
483251,2
101551,1
596456,1
98551,1
136985,2
378502,2
661017,2
631081,2
397495,2
429301,2
653053,2
873776,1
85162,2
721865,1
142098,2
957871,2
885270,2
63750,1
258944,1
86728,2
70534,2
790364,1
643306,1
298528,2
240070,2
445578,1
678471,1
112618,2
838761,1
604353,1
355764,2
829347,2
157025,1
528161,-1
439782,1
412030,1
764877,2
53914,1
197159,1
87861,2
626983,2
852887,1
130659,1
532269,2
721124,2
207930,2
555759,2
971279,1
303159,2
507693,2
465871,1
934290,2
182683,1
825197,2
436717,2
866022,2
113016,2
244750,0
502527,1
162559,2
463464,2
763405,1
18702,1
238567,2
704788,2
651389,2
744950,2
129143,2
384556,2
76106,1
256890,2
520293,2
889555,2
746129,0
427951,2
731007,1
429288,2
20860,1
993045,1
176478,2
895762,-1
569333,-1
212305,1
725658,1
728982,1
933352,2
484356,1
255786,1
829635,2
334593,2
188684,1
815072,2
442122,0
36020,1
421230,2
627623,2
980821,1
781008,2
645631,1
163845,2
949415,2
284280,2
961923,2
138561,0
935550,2
832262,2
712116,2
713337,2
784039,1
702165,1
738465,1
132050,2
499967,2
367567,2
623626,1
825528,1
375901,2
810713,0
712277,2
102007,1
187527,2
378155,2
634492,1
675346,2
901159,2
466180,1
915897,2
804521,2
145454,2
178673,2
617471,2
875322,1
129150,-1
622678,2
21744,1
704991,1
519115,2
380592,2
268542,1
291316,1
338268,2
239293,2
531330,-1
300066,1
50540,1
113908,1
585990,2
752092,1
79291,1
347916,2
864940,-1
7787,1
629207,2
575917,2
432436,1
597885,2
173756,-1
867822,1
278415,1
528119,2
118755,2
356576,2
748080,2
51429,1
698409,1
388085,1
307283,1
704405,1
812733,1
717339,2
293579,-1
406738,-1
228132,2
286368,1
577734,2
135143,2
620854,-1
369683,2
323400,2
417301,1
436059,2
721249,2
773767,2
333656,1
568768,2
43272,2
938568,2
172948,1
983276,1
803312,2
76720,2
511620,2
512613,-1
984860,2
95573,1
850914,1
482213,2
269621,2
193531,2
595368,2
107866,2
469303,1
818727,2
635858,2
965686,2
299643,1
624867,1
304109,2
88015,2
26930,1
764165,0
830407,1
533945,2
832256,2
730474,2
142120,2
52465,1
970804,1
415836,2
605423,0
472333,2
248830,2
47690,1
816723,2
278217,2
204745,2
100347,1
17989,2
385330,1
659215,2
575962,2
41877,1
147107,0
12509,1
873931,1
961460,2
991948,2
882799,1
597075,2
397560,2
922131,-1
516390,0
36679,2
355749,2
111961,1
333377,2
519677,2
292196,-1
200571,0
532693,1
696374,2
36398,2
963871,2
760952,1
507103,1
243383,1
51662,2
788143,2
193781,1
102407,1
76051,2
41988,2
29210,1
733080,2
985373,1
872691,2
49560,-1
198799,1
601351,1
767895,1
88166,0
272120,1
761653,1
439734,0
225986,-1
271947,2
20794,1
172350,2
93349,2
207577,1
193393,1
919838,2
303267,1
215238,2
753001,2
860932,1
731781,1
772579,0
945782,1
565594,1
668399,1
187894,2
24733,1
127237,2
57546,1
813037,1
365946,2
486202,-1
226177,-1
83339,2
475772,1
733562,2
672377,2
325473,2
960228,2
338453,2
303865,1
984308,1
176390,2
110266,2
723823,2
713426,2
65837,2
959568,2
259915,2
414319,2
734239,1
951585,1
991551,2
538053,2
159032,-1
760242,-1
511303,2
205139,2
713411,2
404299,2
520934,2
962258,1
589683,1
879487,2
595853,2
893537,1
510701,1
506168,2
935401,1
172217,1
107737,2
843898,2
75963,2
792583,2
788850,2
171453,1
721682,2
504393,1
457122,1
967876,1
778564,1
384288,2
918649,2
932202,1
596826,1
533476,2
510491,1
542316,2
994967,2
19929,1
600094,2
415619,2
954438,1
68040,1
621500,0
219085,2
511936,1
24310,1
92102,1
606534,2
71316,2
680063,1
322709,1
489062,1
508651,1
727703,1
4932,1
962717,-1
261801,0
235490,-1
526141,1
464597,1
402932,1
874966,1
38647,2
874952,2
45839,2
11704,2
415601,2
62116,2
857982,1
270552,1
916824,1
195763,1
580302,1
746004,2
21524,2
756045,2
291523,1
168193,1
951740,1
719914,1
221414,2
46653,2
682720,2
358950,2
287098,1
98062,2
129794,1
881908,2
346851,2
420600,1
496637,1
184565,1
806189,-1
309088,2
377531,2
767728,2
366827,-1
268773,2
434121,1
416182,2
768348,2
451039,-1
141243,0
400389,1
984894,2
844684,1
413599,1
366303,1
934357,0
710000,2
76567,2
273418,0
169343,1
158615,1
568416,2
529243,1
951670,1
163851,2
111020,0
222806,-1
504194,2
403341,2
409964,2
164886,2
575926,1
50353,2
511508,-1
824922,1
306457,2
791734,1
320087,2
389556,2
7867,2
266834,1
297246,2
972720,1
832558,-1
973815,1
121239,1
173190,2
347349,2
801067,2
554970,2
942489,1
318547,1
433231,1
214255,1
964352,2
296345,2
369301,2
786938,1
248151,1
706539,1
243277,2
1848,2
988928,2
829412,1
876162,1
983975,2
920807,1
857409,1
642964,1
740115,2
287561,1
65414,2
115578,1
996029,2
530221,1
390917,1
879745,1
664859,2
29179,1
329827,1
76057,2
815249,1
516224,1
879490,1
870513,1
447999,2
282117,1
551584,1
896735,1
378299,2
362462,1
817340,2
339234,2
384300,2
372535,1
481501,2
22762,1
485119,2
960924,1
1286,1
484608,2
96406,0
119877,1
704187,1
639303,1
226794,1
466728,1
267290,2
197811,-1
192879,1
541183,1
268167,2
222652,2
389701,1
778178,2
899742,2
611148,2
412287,2
154379,1
337433,2
4992,2
952134,2
614950,2
433589,1
431329,2
973104,2
345041,2
9154,2
159443,2
328167,1
410690,1
560172,0
475421,1
693871,2
765176,1
473084,1
948517,1
614570,1
240361,2
179722,1
221023,2
147626,1
82010,1
660216,2
954078,2
201149,2
362596,2
306287,1
480623,1
83287,2
860488,2
659668,2
443467,2
401669,2
605414,2
411340,1
6215,2
34173,-1
927611,1
417370,2
829063,1
955137,2
974180,2
513478,1
63637,2
3608,2
143481,2
279637,2
12633,1
91354,2
456539,2
103459,-1
724466,1
917465,-1
677645,2
625671,0
368134,2
418287,1
830297,2
850990,1
99241,1
713539,2
776332,2
611692,2
378145,2
692646,1
551222,1
41841,1
676647,2
964118,2
829668,1
416481,2
585188,2
119077,2
122135,2
541838,2
176060,1
864487,1
751214,2
219125,1
660479,2
490868,-1
826967,1
129768,1
750892,1
720402,1
453224,1
704902,1
796499,2
533138,1
751954,2
654466,2
379806,1
584321,1
21580,2
628187,2
604103,2
324896,1
403714,2
679294,2
288757,1
885811,1
87060,2
226855,2
208873,2
385795,1
36354,1
231516,2
898881,2
439774,1
41702,0
697039,2
118268,1
230412,2
401943,2
317235,2
190442,1
324957,2
211902,2
719624,2
422031,1
941377,-1
125441,1
242012,1
242306,1
342079,1
656786,2
665159,1
449945,1
879883,1
749307,-1
66606,2
635824,2
810058,2
281353,0
708472,2
819973,2
867318,2
608853,1
972226,-1
800498,1
793922,1
198481,2
252111,2
325911,2
485103,2
672238,-1
18275,2
144361,1
995474,2
392717,-1
308265,2
39492,1
69444,1
12457,1
212664,1
816340,1
606236,2
194914,1
216293,2
303599,0
343159,2
206331,1
524269,1
434114,2
86292,2
987282,1
562537,1
404732,2
764897,1
816811,2
377492,1
46126,2
637184,2
432808,2
314173,1
515732,1
838114,2
66701,1
621746,2
266646,1
560557,1
793372,2
913750,2
139199,1
420137,2
292903,1
651987,2
157858,2
270569,2
362026,2
443999,2
588978,1
211628,1
609004,2
482845,1
598339,1
943724,1
794232,1
272594,2
899087,1
429784,2
760840,2
28149,-1
808742,1
150908,2
768682,2
820329,1
173226,2
259838,1
368871,1
855825,0
786513,-1
156853,2
789157,2
5991,1
734105,2
30992,0
467775,0
111368,1
973179,1
861404,2
95859,2
640918,2
222268,2
715936,-1
615609,0
964807,2
950784,-1
754178,1
897363,1
389753,-1
968374,1
610718,2
821120,2
792286,1
306378,1
944027,1
672988,2
926873,2
576218,2
614007,1
548378,1
768017,1
654397,2
235861,2
391370,2
186071,2
824006,2
663965,2
823710,2
378005,2
730502,1
314573,2
385871,-1
434233,1
802739,1
521973,1
875614,1
307688,1
331041,1
901681,1
465021,2
247820,1
203128,-1
229310,1
227668,2
970187,1
948579,1
240077,1
792835,1
541891,2
376905,2
420718,0
462840,1
88860,1
83832,2
739920,2
787253,2
105649,1
4602,1
765248,1
112884,1
732506,2
666883,2
539233,2
715698,1
694079,1
6025,1
422546,2
926173,1
303801,2
179173,2
339152,1
225522,1
277373,1
413184,2
607498,2
811297,1
72944,1
868808,2
668850,1
394292,2
222476,2
571858,2
676920,0
171213,2
231952,1
644763,1
711281,1
329512,1
351285,1
780051,2
494771,2
276685,-1
458846,2
5049,2
966777,1
610678,1
821446,1
987377,2
766106,-1
169484,2
260149,1
593061,2
734995,1
209613,1
626252,2
667510,1
743735,1
805447,1
323315,2
568282,2
637648,-1
84755,2
755282,2
704830,2
396421,1
479893,1
959482,1
970686,2
221268,1
144987,2
937007,1
325308,2
550486,1
583351,1
737106,2
6394,2
867691,1
786510,1
157931,1
532896,1
826598,1
799476,2
776730,2
880076,2
278774,1
144722,2
821217,2
457259,1
39408,2
464147,1
693720,2
401381,1
382649,2
327761,-1
999519,1
109855,2
139161,2
573474,0
276329,1
191012,1
338409,2
598434,2
318459,2
285434,1
296356,2
162435,-1
476311,1
603693,1
909464,0
183481,1
749966,1
642063,1
191936,1
516300,1
201656,2
689131,1
210664,1
715905,2
546018,2
316131,1
780104,-1
941293,2
966698,-1
331959,2
675148,2
495010,1
785573,2
992003,1
292482,0
316399,2
207963,2
915900,1
656892,1
295105,1
36492,2
597849,2
473441,2
576935,2
840716,2
777967,1
974517,1
832211,1
423131,2
836914,1
82167,1
969815,1
804703,2
457817,2
685085,1
646257,2
624130,1
582559,1
423169,1
657337,1
88960,1
269970,2
105374,1
482268,1
782859,-1
592629,2
336497,2
57312,2
402798,-1
324231,1
58998,1
922240,2
724277,1
122922,1
592514,2
77165,2
468630,2
621373,2
398635,1
559697,2
214414,2
619976,2
455298,1
660578,-1
643036,1
913457,1
287368,0
813930,1
307025,2
551415,1
689333,2
611269,2
935392,2
897868,1
236645,2
77481,2
618553,2
633595,1
655062,2
699074,2
195308,2
595210,2
945743,1
191854,2
987819,2
397016,1
308507,2
43551,2
240695,1
286168,2
915509,2
869683,1
295238,1
273952,1
584394,1
195900,1
715663,2
851063,2
393719,1
285491,2
474768,2
988237,1
422929,1
531642,2
245695,2
879694,1
420847,2
442565,2
232430,1
398214,2
394365,-1
426338,2
330020,1
785007,2
972338,2
942593,-1
961346,2
764846,1
669522,1
319959,1
181107,1
408404,1
523048,1
101999,1
172983,1
671524,2
849739,2
346827,1
476615,2
895125,2
92275,1
784034,1
463466,1
541545,2
229217,1
486638,2
318073,-1
238027,1
123946,1
926635,1
957341,2
331416,2
912415,1
737710,-1
123939,2
197071,1
355991,1
939791,1
35780,1
238540,2
578043,2
559830,1
663080,1
637989,0
609853,1
688250,2
573526,-1
122197,1
698843,2
978695,2
276003,1
180966,2
640355,2
528396,2
838575,1
224086,2
25107,-1
941017,2
83294,1
488157,2
280143,0
234739,2
580721,2
907765,2
556068,1
212700,2
353721,2
675982,1
339284,1
191301,2
168885,1
732303,1
793043,1
699639,1
312517,0
352208,1
266989,2
901063,1
675882,2
320560,2
245351,2
522325,2
703585,1
641049,1
45110,2
414797,2
269667,1
242813,1
367599,2
654104,1
894232,2
287449,-1
573969,2
573083,2
543358,2
672556,-1
761778,2
790474,-1
576012,2
391509,2
766952,1
37858,1
703952,2
840146,2
317102,2
663313,2
350256,2
302864,1
950748,2
559829,2
316929,2
885671,1
926884,1
151033,2
956089,1
578319,2
502372,1
55085,2
844569,2
657020,0
327419,2
774068,1
215327,2
53274,2
165384,2
216655,1
895964,2
658815,2
392139,1
303725,1
95260,2
29266,2
941438,1
786762,1
687815,2
58178,2
892211,1
38872,1
6715,-1
115420,1
564035,1
655450,1
536531,2
558684,1
521553,1
702061,1
270836,2
579324,2
186889,1
813889,2
864478,2
879657,2
748146,-1
273325,-1
52520,0
620251,2
967986,2
255772,2
124459,1
778658,1
730026,2
524315,1
808795,1
410560,1
736913,1
585868,2
860621,1
911013,0
350251,2
583294,1
237397,2
810871,2
302920,1
826197,-1
552138,1
948170,1
734002,2
381149,1
87066,2
393025,2
242100,2
73720,1
248576,1
757481,-1
949825,1
122392,1
454520,0
246599,1
587755,2
696011,2
702158,2
577157,2
779146,2
361064,2
568478,2
293138,2
886852,1
641390,1
309204,2
861978,1
65678,-1
37161,1
44459,1
212306,1
15931,2
839468,1
206409,2
80465,2
902010,1
184219,2
45607,2
337771,1
89645,0
414134,2
357355,2
783782,2
537334,2
818133,1
314957,2
793240,2
903549,2
505388,1
903516,1
830608,2
708649,1
699265,2
199279,1
423050,1
84479,1
692437,0
511157,0
134111,1
457774,2
444789,1
28139,1
532892,2
896668,1
807831,0
566437,2
122276,1
330625,2
459982,2
37020,1
248792,2
67871,0
818267,1
899530,1
598012,2
105391,-1
734981,-1
194458,2
525857,1
299185,2
303968,1
623420,1
491902,2
405671,2
283285,2
314315,-1
342649,-1
811594,1
877953,2
250020,2
482420,2
811970,2
410045,1
768287,1
10140,2
381026,1
824589,1
566239,1
168376,2
925405,1
175224,2
761939,1
701364,2
634818,1
691110,2
386807,2
885006,1
486755,2
335914,1
961423,2
48070,2
86376,0
857017,1
70184,1
808139,2
348386,1
924242,2
686843,2
49160,2
302490,-1
183669,2
945556,-1
664348,2
556462,2
643411,2
428375,1
855864,1
566490,1
830535,2
382,2
373785,1
734921,1
171713,1
556800,2
88973,-1
658337,2
4709,2
877084,2
445620,2
270537,2
703375,-1
46873,0
899754,1
795861,2
812551,1
535591,1
80055,-1
570775,-1
607294,1
346257,1
834872,2
214043,1
613413,1
1960,1
591346,1
716050,1
449744,2
746121,2
576177,2
742262,1
603256,1
995594,2
491003,1
258024,1
132811,2
739061,1
515952,2
622935,2
448716,2
357570,0
459647,2
694067,2
342342,0
458106,2
943571,2
592617,1
847809,1
676499,2
393921,1
307201,2
814178,1
33055,0
316616,1
246745,2
28308,2
793207,1
334667,1
805610,1
747215,1
124201,2
360821,2
461119,2
301741,2
491775,1
930852,2
208706,1
54869,1
62066,1
10993,1
629210,2
483522,2
810782,1
801097,2
117955,1
857587,-1
756775,1
886329,0
629213,2
130697,2
412538,-1
34139,2
149935,1
813785,2
74650,1
465837,1
353152,2
331104,2
56069,2
723413,2
243069,2
482844,0
516277,2
634035,2
331193,2
474759,1
488620,2
839352,2
391234,1
313648,2
659109,-1
662221,1
296437,1
193971,1
787920,2
535511,2
769581,2
349431,2
929265,1
795123,0
155398,1
725497,1
235678,2
369892,1
989976,-1
685160,1
345451,2
875429,1
588854,1
398409,1
142668,1
868078,0
449764,1
194389,2
465891,2
861701,2
668682,0
859322,1
397319,1
662170,2
447574,1
550614,2
434903,2
939644,1
629964,1
822224,1
372060,1
575133,2
996535,2
627536,-1
773818,-1
943559,0
910094,-1
40552,1
949845,0
893456,2
799680,2
478024,1
249709,1
815643,2
10542,2
313029,2
551318,1
682768,1
541054,2
921977,2
40585,2
2551,2
3449,2
306708,-1
33638,1
340490,2
371368,2
403307,2
443723,1
917808,-1
109773,1
964844,1
875387,2
807641,1
190559,1
929097,2
216996,1
305367,1
560286,2
643108,1
991972,1
65425,1
336322,1
126840,1
66121,2
619287,2
124378,2
587313,2
447439,2
699344,2
700265,2
201084,1
787460,1
772476,1
999493,2
649075,-1
754715,2
20118,1
606310,2
629888,0
138102,1
966636,1
260253,1
837801,1
411449,2
46829,2
422748,2
703922,2
329328,1
604545,2
194969,1
386862,-1
778479,2
25665,-1
587685,1
154455,2
810205,2
429754,1
497142,1
332117,2
689977,2
15344,1
348067,1
445232,-1
110434,1
23501,2
745898,1
348993,1
86112,1
847851,1
609103,1
839077,2
257291,2
529894,1
589853,2
916547,2
479855,1
715783,2
764927,-1
784447,-1
862004,1
788502,2
905470,2
59972,2
558929,1
749131,2
33039,2
692983,2
456800,1
167743,2
206677,1
76347,2
975857,1
900572,1
776019,2
315754,2
618247,1
854472,1
767416,2
824297,1
226628,2
384950,1
470743,2
628227,1
569901,2
183605,2
39796,1
967810,2
842975,1
829262,1
43283,1
263778,1
544747,2
160865,1
870306,2
317941,2
242541,1
264786,1
502689,1
175518,1
966995,2
58075,1
936594,2
945413,1
956383,2
796714,1
994587,1
855668,1
632029,1
99436,1
498187,-1
459281,2
314913,1
343021,2
761759,2
9180,1
118420,2
144978,2
259239,2
597539,1
803311,1
678530,-1
738379,1
784916,2
723261,2
520511,1
318150,1
347280,2
658258,1
834309,2
742929,-1
957353,2
892508,2
629115,1
45783,2
374554,2
533692,2
239498,1
31211,2
236762,1
499387,1
372368,1
264138,1
76328,-1
114951,2
814831,2
268297,1
87226,2
145525,2
742467,1
733277,1
556429,2
984662,1
863695,2
718856,1
556202,1
458662,1
4008,1
65794,2
308686,2
77619,1
986237,1
536921,2
327880,2
519276,1
344602,1
369696,1
183392,0
21776,2
103782,2
395442,2
528923,1
203021,1
210803,2
244909,2
201132,1
333838,2
242928,1
549548,2
971087,2
198173,2
507787,1
744350,2
989276,1
464956,1
825104,2
893902,2
790917,1
939067,2
44875,2
725908,2
162327,1
857432,2
512973,1
665155,2
481258,1
101492,2
282384,2
563804,1
380930,2
63274,2
796774,2
642040,1
500526,2
671048,1
486218,2
511422,1
165759,2
645301,-1
710223,1
990571,2
569637,1
721243,2
548509,2
274643,1
695145,1
255777,2
593154,1
502769,2
599372,2
579198,-1
174276,1
952316,2
146567,2
519007,2
497620,1
83071,2
316882,2
441233,0
534393,1
313809,1
515011,1
53376,1
449332,1
358684,2
910878,1
683328,1
632209,1
63394,1
258494,2
17146,1
113406,2
791872,2
30382,2
468651,2
807521,1
844696,1
37056,1
697676,2
108031,1
863487,1
550647,1
872306,2
368994,2
987129,2
293586,1
659119,2
489550,0
688476,2
557113,-1
458344,1
343594,1
423020,1
3462,1
256331,2
182779,1
726997,0
839310,2
366691,2
793782,1
761451,2
529987,2
880139,1
907108,1
95023,1
340565,1
313583,2
91110,2
674536,2
725981,2
791988,1
10750,2
70886,1
568043,1
148204,2
955877,1
710384,-1
700357,1
403622,2
379890,2
214790,2
673915,2
599658,1
514363,2
12212,1
37585,1
269742,2
561455,2
233339,2
734564,2
152162,1
652743,2
842866,2
829108,1
427747,2
385763,1
867962,1
584277,2
977469,2
4565,2
596205,2
106146,2
194447,1
935981,2
382689,-1
877209,2
951367,2
886593,1
413497,1
168716,2
779455,1
209806,1
556990,1
55922,1
393562,2
980856,2
921808,2
463431,1
574520,2
116121,0
43620,1
941858,2
977028,2
127189,1
997627,1
146296,2
68755,2
969351,1
666496,1
742828,1
594821,2
248163,1
212783,2
530408,2
271077,2
29116,1
97327,1
103934,1
5281,2
966764,-1
833394,1
769034,2
427885,2
101015,-1
135053,2
445073,1
594718,1
485337,1
652031,1
295823,2
898107,2
621822,1
593768,2
724899,-1
87739,2
830073,-1
142961,1
61106,-1
221043,2
696913,1
295268,2
753928,1
649950,1
238297,2
265204,2
19559,2
305511,1
992050,1
346418,1
82564,1
212312,2
150821,1
680282,1
711087,1
883893,1
360801,1
578270,2
788765,2
684593,2
177297,1
658714,1
946725,1
935871,1
453781,-1
370318,2
702503,0
278400,1
944133,1
647470,2
475065,1
592615,2
579070,2
134505,2
642708,1
167603,2
555272,1
743195,1
959807,1
217024,-1
443267,1
397017,1
596814,0
533952,2
800696,2
112363,2
988128,2
759592,1
684206,2
159362,2
246328,1
304396,2
54264,1
908329,2
849716,2
424570,1
133226,2
624182,2
847038,2
534999,1
514432,1
489534,1
417355,2
714692,2
250868,2
192977,2
645212,0
903171,2
214224,-1
332795,2
230188,1
957788,1
102140,2
574414,1
471592,2
782767,2
151657,2
324578,-1
999173,1
741669,-1
934059,1
219327,2
640084,-1
865195,2
577052,1
507163,1
408984,2
639773,1
479385,2
169503,2
110462,2
251179,1
969955,2
933588,1
365700,2
267452,2
797195,1
280489,1
149414,1
942202,0
603517,1
326443,1
292224,1
521526,2
960021,2
806425,1
231162,2
568815,1
966665,2
360405,1
495872,2
320667,2
66860,2
581466,1
248539,2
108857,2
644838,2
474280,2
787055,-1
277933,2
273967,1
556307,2
807648,1
51870,2
94877,1
116574,1
399562,2
730487,2
951265,1
926505,1
170438,1
372720,-1
591257,2
165101,2
152577,2
288444,1
57552,2
643771,1
958204,2
320134,-1
210202,2
120685,1
326563,2
265061,1
764221,1
177961,1
106628,2
282903,2
981255,-1
697050,1
699241,2
646970,2
695251,2
832086,-1
152329,2
561889,1
590212,1
914020,-1
675260,2
307271,1
738307,1
670025,2
140016,1
973171,2
732909,1
153191,1
716583,-1
422296,-1
293089,1
134300,2
892921,2
465699,1
609512,2
580483,2
176298,2
884073,1
172648,1
395722,2
351392,2
721553,1
681784,1
385663,2
844602,2
888673,1
976202,-1
846688,2
954728,2
618950,1
762599,0
539961,1
550361,2
407571,2
656096,2
378318,1
967793,1
75392,1
177800,1
408225,2
680118,2
297379,1
527068,1
434966,1
900632,2
130158,1
341406,1
522679,2
483207,2
221942,1
587012,2
441095,2
536195,2
43396,1
991333,2
542338,2
966161,1
209660,2
653577,2
357971,2
407024,2
94220,2
638817,1
194215,2
856259,2
614917,1
621121,1
278551,1
106543,1
637263,2
868154,2
928749,1
311979,1
299209,-1
838786,1
740050,1
618306,2
125116,1
943217,1
556335,1
522328,1
708449,1
76467,2
713495,2
317157,1
874864,1
769447,2
723661,1
169776,1
341817,-1
279315,1
56671,2
586033,-1
424489,2
670559,1
813882,1
743424,2
998561,2
35843,-1
148459,2
141814,1
899926,2
66867,1
249425,1
827222,1
933298,1
717876,-1
76495,-1
170533,1
278,2
614316,2
215952,1
486044,2
565883,1
333596,2
774118,2
759320,2
729321,1
734928,2
996973,2
263240,1
967543,1
88271,2
51682,2
765829,2
526501,1
538022,1
464819,1
743385,1
352378,2
896685,2
344913,1
103328,2
317955,2
323535,1
884118,1
907600,2
319388,2
94543,1
906238,-1
166594,1
498008,2
20718,2
137232,0
576299,1
213588,2
745401,2
490678,-1
407623,1
57607,1
874698,1
708834,2
698181,1
789444,0
846358,2
726457,2
721486,2
85593,1
612031,2
338459,1
11187,2
64779,-1
257851,0
222681,2
85769,2
491695,2
69652,1
978637,1
194315,1
842272,2
566358,1
836624,2
896889,2
928128,1
32619,2
4454,-1
300730,1
462746,1
18230,2
762818,2
786587,2
709164,2
310079,1
300903,1
311755,2
52324,1
756349,2
360063,2
679442,0
121576,1
491908,2
660702,2
728978,2
849682,1
548683,1
277746,1
912506,2
261231,2
481398,1
529619,2
864134,2
764226,2
257799,2
366010,1
578643,2
857669,1
478994,2
673788,2
836471,1
5195,2
744071,2
819993,0
105033,2
577219,1
451731,-1
839701,2
873740,2
103273,1
829729,-1
687709,2
975580,2
992939,0
755969,2
425274,1
449925,2
673834,1
242524,2
699239,1
964461,0
189638,1
440494,2
286814,1
947754,1
611158,2
930418,1
881582,0
321503,2
978268,2
90863,2
461856,2
159752,2
893413,1
97582,2
70433,1
54251,1
202195,1
410018,2
505784,-1
273223,2
886247,1
938271,1
943867,2
131809,1
617622,2
377222,2
477261,0
640045,1
965900,2
19444,1
359565,1
608805,2
232495,1
123701,2
817217,2
635161,1
247020,2
617451,2
938781,1
30759,1
705452,2
349996,1
119394,1
896443,2
719233,2
607289,1
303795,1
123568,1
287032,1
914400,1
24611,1
441152,2
100465,1
257636,2
587932,2
323729,1
50830,2
599546,1
552116,1
878865,2
494211,1
803869,1
882581,2
535734,1
995446,2
318172,2
51166,2
801017,1
447285,0
735991,-1
100505,1
72085,1
844827,2
204185,-1
135358,1
265254,1
426503,2
226392,1
829793,1
822833,1
613321,1
789678,2
167452,2
134392,2
761645,2
265477,1
456308,1
928781,-1
488311,1
637257,1
398134,1
291255,2
636686,1
691251,1
717856,1
921344,1
16525,1
738565,2
114799,1
64363,0
349755,2
709627,1
896596,1
126674,2
20322,2
344127,2
380343,1
431495,2
666836,2
979256,1
522596,1
922437,2
936407,2
177547,1
854940,1
219086,2
285478,1
376394,1
278668,2
803944,2
919590,1
671551,1
944137,1
794925,-1
756835,1
485914,1
60176,1
45335,2
155423,1
777221,2
302729,1
270476,2
564907,2
868071,1
511137,1
765166,-1
686589,2
179460,2
979548,2
161158,-1
122086,1
242717,1
820265,1
301262,2
548778,1
50847,1
816109,1
529955,2
223003,-1
306003,1
670436,1
927913,1
797806,1
518697,2
320211,1
312148,2
703919,2
951694,2
78201,2
178353,2
856674,2
88796,2
763171,1
961797,2
331941,2
61059,1
228395,1
906839,1
796076,1
550181,2
584668,1
858574,2
397634,2
774584,1
376780,2
571842,2
598952,-1
251053,2
156160,-1
209792,1
623700,1
386349,1
975607,2
710461,2
414286,1
504386,2
615210,2
686504,2
201360,2
477876,2
857523,1
65576,1
311290,1
354703,2
713717,1
3484,2
333986,2
433077,-1
987845,0
487343,2
389631,2
349078,2
110116,2
853938,2
280471,2
528472,1
148108,1
344553,2
916759,1
259516,2
961234,1
423634,1
857805,2
397365,2
857555,-1
989563,2
288858,2
29623,1
296324,2
195452,1
89006,-1
685999,2
953360,2
398016,2
23380,1
858247,2
251406,1
892567,1
544308,2
736038,1
788588,2
422746,2
839256,2
151320,2
306785,2
847300,2
992698,0
659398,2
147593,1
145217,1
223963,1
810561,2
291291,1
703836,2
211575,2
238579,1
210624,2
819555,1
558154,1
592357,1
276482,1
673932,1
995721,1
592147,2
773618,2
684165,2
350641,2
87764,1
272814,1
435767,-1
62657,2
296443,1
263147,1
671827,0
928178,1
467586,1
755440,2
254496,2
460932,1
147670,1
569718,1
643831,1
886969,2
232075,2
109532,1
468568,1
4936,-1
203154,2
27673,2
129667,1
98126,1
279960,2
417611,2
179502,1
649846,-1
972392,1
690263,1
844854,2
64801,1
725765,1
500151,2
137665,2
327170,2
737240,2
835581,1
975161,-1
76414,1
957883,2
946476,2
933294,2
854047,0
117233,2
270551,1
65083,2
202684,2
64863,2
390621,2
149562,1
292543,2
263451,2
40122,-1
573893,-1
774671,2
879851,1
86848,-1
397160,1
475194,-1
637080,2
740039,2
925132,1
629995,1
687834,2
869772,1
762016,2
926397,1
647788,1
562390,1
535086,1
424682,2
877815,2
696873,1
475889,1
31358,2
378750,2
444206,1
608581,1
728954,1
957113,-1
801794,1
518225,2
358103,1
680249,1
330131,2
639079,1
568837,1
674514,2
408712,1
751683,1
83788,2
870105,1
506017,1
990787,0
249793,1
500428,2
474046,0
285709,2
738823,1
713163,1
254402,1
784922,2
172957,2
152465,2
808051,1
485595,-1
907857,2
976351,1
890487,1
22342,2
793794,2
397069,1
696234,1
446222,-1
421398,2
133429,1
906252,2
414092,2
921186,2
73317,2
750866,1
404488,1
217262,2
82084,1
178765,2
856902,2
128311,1
28674,1
622104,0
530054,2
381560,1
98355,2
740344,2
138808,2
170089,1
226215,2
423833,1
369913,2
95896,2
97840,1
89084,0
239009,1
366412,2
851148,1
474593,1
633845,1
51545,1
278633,2
39361,2
221510,2
66321,2
66661,1
613615,2
942704,1
15587,1
353103,2
271735,2
159461,1
807877,2
934854,2
409387,1
203644,1
635192,1
772176,2
227248,1
319106,1
128668,2
731220,2
311826,2
808440,1
615105,1
723926,-1
582734,2
520223,2
858352,2
606234,2
276096,-1
254986,-1
381775,1
592526,1
230347,1
61228,-1
819339,1
995982,2
727863,1
186751,2
964719,-1
125624,2
344973,2
949789,1
599330,2
265518,1
298147,1
226325,2
239874,2
301650,2
157290,1
345248,1
137668,2
387140,1
393316,2
940665,-1
206952,2
541428,-1
886796,1
546374,2
922849,2
857364,0
528773,2
348027,2
534413,2
447525,1
607037,1
136714,2
698954,2
496231,1
112559,2
746719,1
56423,2
111610,1
59106,2
324423,2
903495,1
522578,2
330418,1
170036,-1
811734,1
336133,2
61446,1
286684,2
86718,2
378434,2
95056,2
157217,1
678843,2
131307,1
531053,2
947694,1
759959,1
976235,2
772212,2
869188,2
7256,2
910026,2
970748,1
960297,2
487259,1
2648,1
93493,2
320569,-1
435902,1
24812,1
709950,1
191870,2
544288,1
599634,1
948396,2
628855,-1
219705,2
76369,2
209707,1
529193,1
488505,2
649995,1
328227,2
734220,2
569724,1
617157,1
835618,2
497694,1
6641,1
791125,2
479666,1
232716,-1
786460,2
492966,2
885363,1
346906,1
295934,-1
650486,1
958263,1
939823,2
69802,-1
264749,1
744004,1
903111,1
464048,2
353129,1
781817,2
105244,1
899313,2
421940,0
651955,-1
966826,2
277192,1
557101,1
16077,2
788753,2
636671,2
209113,1
17873,2
263873,2
818047,2
274518,2
137245,1
210901,2
452172,0
814366,-1
212158,2
90901,1
143454,1
761556,1
505773,1
601972,1
74231,2
815985,2
481732,2
627871,1
594469,1
350756,2
269893,2
6511,1
436306,2
780075,2
143536,2
635339,1
904919,2
775083,2
201705,1
71322,1
718755,-1
355397,2
7480,2
676361,2
27930,2
689435,2
6365,2
117872,1
303319,2
758069,2
519052,2
173245,2
906749,-1
9631,1
186664,1
818801,1
610128,1
200984,1
946451,2
588728,1
132012,2
746803,1
684358,2
180750,-1
997932,1
291282,1
865532,2
937154,-1
272540,2
28014,1
54105,2
677318,1
142298,1
546152,1
131990,1
930247,2
405814,1
849259,2
970178,2
775969,1
251906,2
209894,2
82633,0
216329,1
147245,2
375068,1
432029,1
681008,2
985356,1
83642,2
924379,2
474657,1
966145,2
943890,1
226367,1
60192,1
893971,1
418543,2
13358,1
520619,1
321598,1
741056,1
936461,2
143146,1
535965,1
281202,1
165837,-1
613580,1
446237,1
897909,1
35072,2
334267,1
150295,2
414005,2
691449,2
586333,2
805955,2
994946,1
535234,-1
990339,1
245539,1
142285,1
471258,1
181421,2
804056,2
250453,2
422794,1
896160,2
493299,1
579107,1
853420,1
661565,2
373413,2
962094,2
41812,2
504594,1
507593,2
210061,2
287454,2
536194,-1
814693,1
400723,2
397613,-1
609991,1
343360,1
519580,2
631971,1
468411,2
239916,1
937873,1
562422,2
422498,2
88056,1
370179,2
729780,1
758644,2
965567,2
327049,2
973414,1
109041,2
457236,1
703005,2
666461,2
200379,1
800041,1
645036,1
888342,2
308411,2
896890,2
346042,1
211349,1
719119,2
599794,2
710238,2
654615,2
744157,2
68991,2
62494,1
119981,2
858023,1
470649,1
824428,1
499614,2
382254,1
927245,1
63744,1
175662,2
808354,2
859015,2
22385,2
245056,2
237976,2
884803,1
107153,2
467496,1
935108,2
835385,2
345228,2
656751,2
64369,1
822812,1
893774,1
300949,2
368266,2
762993,2
364409,-1
165076,2
845006,2
482039,1
934736,2
964388,2
57305,2
955294,2
64942,1
339722,2
804326,1
196186,2
945210,1
910005,1
256047,2
684487,2
596984,1
100902,-1
555448,2
972459,1
925684,1
331377,2
326789,1
649869,1
447927,2
162757,1
121988,1
876900,2
428436,2
980099,2
469400,2
69303,2
901450,1
469091,2
107745,0
759608,1
105104,1
937094,-1
505536,1
166852,2
955751,2
297133,1
840457,1
246498,1
453796,2
752359,2
680137,1
651615,2
34294,2
566577,2
546774,2
672130,2
180963,2
894127,2
818501,1
57049,1
480533,1
249370,1
175803,1
390055,1
797992,2
720945,1
538702,2
526631,0
233659,2
288602,1
810965,2
111100,2
528758,2
564829,2
538223,2
39918,1
128542,2
110687,1
198596,1
64585,1
586728,1
223741,1
753397,2
290174,1
542214,2
372837,2
288012,1
94780,1
964126,2
869801,2
366133,1
702070,2
407850,2
681790,2
528548,1
830318,1
720943,2
355391,2
910133,-1
644426,1
892393,2
147139,0
242092,2
337513,-1
442543,1
331242,1
697685,2
238142,2
639271,1
390876,2
892822,2
368716,2
391611,2
26366,1
830437,1
213126,1
421994,1
585939,1
475433,0
481193,2
388001,1
721285,2
395050,1
577469,-1
211607,2
574907,2
805807,2
661405,1
767832,2
851400,2
726350,2
826614,-1
821952,1
468095,2
225454,1
937705,1
346504,2
372790,1
715616,2
281080,2
361431,2
434867,2
425309,1
698813,2
615023,2
641,1
937551,1
133842,2
252814,2
575434,2
242013,2
206664,-1
399851,1
104630,1
237325,2
814076,2
438092,1
902087,2
845881,1
93753,2
746802,1
545644,2
494858,2
744232,1
518375,1
673188,-1
650394,2
579240,1
283548,1
964677,1
733088,0
795451,1
189822,1
554376,2
83587,1
77193,2
802848,2
258627,1
665792,2
322201,1
23535,1
630135,1
848949,2
802178,2
203862,1
239658,2
456223,2
586979,1
474632,1
651329,1
889489,2
725388,2
477844,2
376894,2
402248,2
310164,1
130849,1
374093,1
481749,1
463808,1
288000,1
845217,2
757316,1
262230,-1
167856,-1
215975,2
182510,2
396184,1
449083,1
627919,1
944107,1
314291,2
907344,1
380697,1
374602,2
568728,1
32358,2
358751,2
601169,2
563515,2
825374,1
401164,1
269512,2
736903,2
665185,2
703493,1
649176,2
89747,2
801434,0
750936,2
62996,2
197941,1
931726,1
999411,2
166179,2
415347,1
703334,1
535633,2
848046,-1
26885,2
656503,2
876235,1
253058,2
335901,1
486930,1
519709,1
751553,1
15916,2
876083,2
549489,2
484787,1
339205,2
293922,-1
716370,2
121979,1
355364,1
652890,1
736209,2
506571,-1
874194,-1
24852,2
960566,-1
932863,1
329246,2
339552,1
175017,1
605037,1
910328,2
379922,1
620027,2
798220,2
378654,1
90310,1
660044,1
143190,2
350310,1
743542,1
66186,2
772331,1
205514,2
743938,1
534691,0
52110,1
179889,1
921175,2
516392,2
967962,2
8838,2
192236,2
212983,2
203985,2
710768,1
524220,-1
750797,1
964888,1
969489,1
178619,1
704138,1
132174,1
46263,0
817449,1
870810,2
233755,1
609080,1
981674,2
417942,1
992917,2
84796,2
346872,-1
631393,1
340881,2
216823,2
182348,1
567946,1
141268,1
684612,2
687469,2
702863,-1
286035,1
284067,1
458157,1
834117,2
255010,2
797499,2
646377,1
940776,2
195519,1
993798,1
364112,1
197836,2
245546,2
365759,2
896324,2
351010,2
502504,2
332354,2
484950,1
37265,2
202025,1
886374,1
180486,2
687405,1
298447,-1
9338,2
982971,2
328782,1
208788,2
477780,0
941588,1
576611,0
947570,2
997910,1
74986,2
496365,0
502482,2
961810,2
94242,1
183339,2
780613,-1
658499,0
144485,1
485804,1
265961,2
974437,1
430035,1
906357,1
327332,1
460921,2
493471,1
16241,1
58712,1
816270,2
910551,1
771337,1
573204,1
367907,2
372518,-1
639437,1
474666,1
648482,2
143860,2
114275,2
358451,1
576988,-1
346022,1
533375,2
887942,-1
643526,1
435200,1
73621,2
430733,1
187712,1
216777,-1
236330,1
615817,2
279661,2
515797,1
846929,1
927705,2
337882,-1
651214,2
751056,1
248125,2
659759,2
44797,2
798117,1
638313,-1
204555,2
540417,1
352057,1
799088,2
934720,-1
529609,1
358662,-1
704245,2
932974,2
531048,1
71743,1
767345,1
530839,2
815047,2
128752,1
39654,1
132905,1
116459,1
165532,1
502758,-1
284295,1
29769,1
818671,2
201465,2
663088,1
184683,2
281280,1
496917,1
229445,2
906993,0
734003,1
970888,1
75892,-1
829171,1
487955,2
127968,2
274632,2
731069,2
221632,1
769168,1
641285,1
454883,1
821566,2
314629,2
82988,0
696785,1
797805,1
525201,2
599152,2
466357,-1
191679,1
777617,1
3581,1
176471,2
188510,2
852019,2
687573,1
1499,1
687976,1
815050,1
670948,2
321255,1
683149,2
157906,1
723426,2
977979,1
693058,1
917095,2
197950,2
812383,2
122505,1
913830,2
286098,-1
76092,0
544534,2
370160,1
527515,1
617472,2
177127,2
173098,1
328325,2
443275,2
662169,2
745784,1
877890,2
129486,1
57431,2
184494,2
653677,1
77414,-1
766841,2
340443,2
331063,1
560136,2
791454,1
804182,2
996054,1
997577,2
678955,2
146227,1
299148,1
964213,2
703910,2
651805,2
360112,2
554929,-1
460850,2
266567,1
988459,1
54960,2
262128,1
390911,2
663234,2
207607,-1
166012,2
215025,1
819232,1
738464,1
152114,2
812759,-1
249602,2
802862,1
713304,1
577367,2
491349,1
652650,-1
967930,1
900531,1
869994,1
677812,2
576783,1
401607,2
935016,1
743175,1
966359,1
208243,1
332009,1
486157,1
343615,1
462164,1
407405,2
931719,1
642445,0
940529,1
693850,2
846956,2
999669,2
256463,1
37534,2
930321,1
495749,2
363368,1
482774,2
968706,2
984473,2
537348,2
511380,-1
74611,2
714843,0
83398,0
953071,2
644182,1
636836,2
591233,2
479785,2
366080,1
86880,1
285987,1
560727,1
248082,0
53406,1
152769,1
953075,1
798231,2
596716,2
496433,2
68652,1
415102,2
247580,1
739680,2
467608,2
120848,2
799462,1
580292,2
943835,1
990402,2
955360,2
947963,2
784748,0
502914,2
365296,2
158992,1
471246,1
345671,2
687199,1
321723,2
174439,1
442391,1
750827,2
171801,1
165677,1
563428,2
464821,1
116432,2
204331,2
644706,1
305351,2
731500,1
17208,0
19337,2
8755,1
133797,1
255140,1
627021,1
914045,2
763365,2
655183,2
773911,2
411123,-1
125139,1
647348,2
335490,1
660005,2
612647,0
53118,2
402290,-1
954816,2
285572,2
682172,2
229711,2
17840,1
959088,-1
638708,2
940588,1
288271,1
961513,2
46205,1
27319,1
634943,2
895714,2
875167,2
78329,2
867455,-1
470892,1
